[  3%] Building CXX object CMakeFiles/cheddar.dir/src/core/Container.cpp.o
[  7%] Building CXX object CMakeFiles/cheddar.dir/src/core/Context.cpp.o
[ 11%] Building CXX object CMakeFiles/cheddar.dir/src/core/DeviceVector.cpp.o
[ 15%] Building CXX object CMakeFiles/cheddar.dir/src/core/EvkRequest.cpp.o
[ 19%] Building CXX object CMakeFiles/cheddar.dir/src/core/Encode.cpp.o
[ 23%] Building CXX object CMakeFiles/cheddar.dir/src/core/EvkMap.cpp.o
[ 26%] Building CXX object CMakeFiles/cheddar.dir/src/core/MemoryPool.cpp.o
In file included from /home/kataiwa/fhemamba/structural-four-20260925/cheddar-build/_deps/thrust-src/thrust/system/detail/sequential/copy.inl:26,
                 from /home/kataiwa/fhemamba/structural-four-20260925/cheddar-build/_deps/thrust-src/thrust/system/detail/sequential/copy.h:61,
                 from /home/kataiwa/fhemamba/structural-four-20260925/cheddar-build/_deps/thrust-src/thrust/system/detail/adl/copy.h:25,
                 from /home/kataiwa/fhemamba/structural-four-20260925/cheddar-build/_deps/thrust-src/thrust/detail/copy.inl:23,
                 from /home/kataiwa/fhemamba/structural-four-20260925/cheddar-build/_deps/thrust-src/thrust/detail/copy.h:90,
                 from /home/kataiwa/fhemamba/structural-four-20260925/cheddar-build/_deps/thrust-src/thrust/detail/allocator/copy_construct_range.inl:23,
                 from /home/kataiwa/fhemamba/structural-four-20260925/cheddar-build/_deps/thrust-src/thrust/detail/allocator/copy_construct_range.h:45,
                 from /home/kataiwa/fhemamba/structural-four-20260925/cheddar-build/_deps/thrust-src/thrust/detail/contiguous_storage.inl:23,
                 from /home/kataiwa/fhemamba/structural-four-20260925/cheddar-build/_deps/thrust-src/thrust/detail/contiguous_storage.h:234,
                 from /home/kataiwa/fhemamba/structural-four-20260925/cheddar-build/_deps/thrust-src/thrust/detail/vector_base.h:30,
                 from /home/kataiwa/fhemamba/structural-four-20260925/cheddar-build/_deps/thrust-src/thrust/host_vector.h:27,
                 from /home/kataiwa/fhemamba/structural-four-20260925/cheddar/include/core/DeviceVector.h:3,
                 from /home/kataiwa/fhemamba/structural-four-20260925/cheddar/include/core/Container.h:3,
                 from /home/kataiwa/fhemamba/structural-four-20260925/cheddar/src/core/Container.cpp:1:
/home/kataiwa/fhemamba/structural-four-20260925/cheddar-build/_deps/thrust-src/thrust/type_traits/is_trivially_relocatable.h:326:39: warning: ‘long4’ is deprecated: use long4_16a or long4_32a [-Wdeprecated-declarations]
  326 | THRUST_PROCLAIM_TRIVIALLY_RELOCATABLE(long4)
      |                                       ^~~~~
/home/kataiwa/fhemamba/structural-four-20260925/cheddar-build/_deps/thrust-src/thrust/type_traits/is_trivially_relocatable.h:229:41: note: in definition of macro ‘THRUST_PROCLAIM_TRIVIALLY_RELOCATABLE’
  229 |   struct proclaim_trivially_relocatable<T> : THRUST_NS_QUALIFIER::true_type   \
      |                                         ^
In file included from /usr/local/cuda-13.0/targets/sbsa-linux/include/driver_types.h:61,
                 from /usr/local/cuda-13.0/targets/sbsa-linux/include/builtin_types.h:59,
                 from /usr/local/cuda-13.0/targets/sbsa-linux/include/cuda_runtime_api.h:150,
                 from /home/kataiwa/fhemamba/structural-four-20260925/cheddar-build/_deps/thrust-src/thrust/system/cuda/detail/guarded_cuda_runtime_api.h:38,
                 from /home/kataiwa/fhemamba/structural-four-20260925/cheddar-build/_deps/thrust-src/thrust/type_traits/is_trivially_relocatable.h:297:
/usr/local/cuda-13.0/targets/sbsa-linux/include/vector_types.h:532:98: note: declared here
  532 | typedef __device_builtin__ struct long4 __VECTOR_TYPE_DEPRECATED__("use long4_16a or long4_32a") long4;
      |                                                                                                  ^~~~~
/home/kataiwa/fhemamba/structural-four-20260925/cheddar-build/_deps/thrust-src/thrust/type_traits/is_trivially_relocatable.h:330:39: warning: ‘ulong4’ is deprecated: use ulong4_16a or ulong4_32a [-Wdeprecated-declarations]
  330 | THRUST_PROCLAIM_TRIVIALLY_RELOCATABLE(ulong4)
      |                                       ^~~~~~
/home/kataiwa/fhemamba/structural-four-20260925/cheddar-build/_deps/thrust-src/thrust/type_traits/is_trivially_relocatable.h:229:41: note: in definition of macro ‘THRUST_PROCLAIM_TRIVIALLY_RELOCATABLE’
  229 |   struct proclaim_trivially_relocatable<T> : THRUST_NS_QUALIFIER::true_type   \
      |                                         ^
/usr/local/cuda-13.0/targets/sbsa-linux/include/vector_types.h:533:101: note: declared here
  533 | typedef __device_builtin__ struct ulong4 __VECTOR_TYPE_DEPRECATED__("use ulong4_16a or ulong4_32a") ulong4;
      |                                                                                                     ^~~~~~
/home/kataiwa/fhemamba/structural-four-20260925/cheddar-build/_deps/thrust-src/thrust/type_traits/is_trivially_relocatable.h:334:39: warning: ‘longlong4’ is deprecated: use longlong4_16a or longlong4_32a [-Wdeprecated-declarations]
  334 | THRUST_PROCLAIM_TRIVIALLY_RELOCATABLE(longlong4)
      |                                       ^~~~~~~~~
/home/kataiwa/fhemamba/structural-four-20260925/cheddar-build/_deps/thrust-src/thrust/type_traits/is_trivially_relocatable.h:229:41: note: in definition of macro ‘THRUST_PROCLAIM_TRIVIALLY_RELOCATABLE’
  229 |   struct proclaim_trivially_relocatable<T> : THRUST_NS_QUALIFIER::true_type   \
      |                                         ^
/usr/local/cuda-13.0/targets/sbsa-linux/include/vector_types.h:550:110: note: declared here
  550 | typedef __device_builtin__ struct longlong4 __VECTOR_TYPE_DEPRECATED__("use longlong4_16a or longlong4_32a") longlong4;
      |                                                                                                              ^~~~~~~~~
/home/kataiwa/fhemamba/structural-four-20260925/cheddar-build/_deps/thrust-src/thrust/type_traits/is_trivially_relocatable.h:338:39: warning: ‘ulonglong4’ is deprecated: use ulonglong4_16a or ulonglong4_32a [-Wdeprecated-declarations]
  338 | THRUST_PROCLAIM_TRIVIALLY_RELOCATABLE(ulonglong4)
      |                                       ^~~~~~~~~~
/home/kataiwa/fhemamba/structural-four-20260925/cheddar-build/_deps/thrust-src/thrust/type_traits/is_trivially_relocatable.h:229:41: note: in definition of macro ‘THRUST_PROCLAIM_TRIVIALLY_RELOCATABLE’
  229 |   struct proclaim_trivially_relocatable<T> : THRUST_NS_QUALIFIER::true_type   \
      |                                         ^
/usr/local/cuda-13.0/targets/sbsa-linux/include/vector_types.h:551:113: note: declared here
  551 | typedef __device_builtin__ struct ulonglong4 __VECTOR_TYPE_DEPRECATED__("use ulonglong4_16a or ulonglong4_32a") ulonglong4;
      |                                                                                                                 ^~~~~~~~~~
/home/kataiwa/fhemamba/structural-four-20260925/cheddar-build/_deps/thrust-src/thrust/type_traits/is_trivially_relocatable.h:353:39: warning: ‘double4’ is deprecated: use double4_16a or double4_32a [-Wdeprecated-declarations]
  353 | THRUST_PROCLAIM_TRIVIALLY_RELOCATABLE(double4)
      |                                       ^~~~~~~
/home/kataiwa/fhemamba/structural-four-20260925/cheddar-build/_deps/thrust-src/thrust/type_traits/is_trivially_relocatable.h:229:41: note: in definition of macro ‘THRUST_PROCLAIM_TRIVIALLY_RELOCATABLE’
  229 |   struct proclaim_trivially_relocatable<T> : THRUST_NS_QUALIFIER::true_type   \
      |                                         ^
/usr/local/cuda-13.0/targets/sbsa-linux/include/vector_types.h:561:104: note: declared here
  561 | typedef __device_builtin__ struct double4 __VECTOR_TYPE_DEPRECATED__("use double4_16a or double4_32a") double4;
      |                                                                                                        ^~~~~~~
In file included from /home/kataiwa/fhemamba/structural-four-20260925/cheddar-build/_deps/thrust-src/thrust/system/detail/sequential/copy.inl:26,
                 from /home/kataiwa/fhemamba/structural-four-20260925/cheddar-build/_deps/thrust-src/thrust/system/detail/sequential/copy.h:61,
                 from /home/kataiwa/fhemamba/structural-four-20260925/cheddar-build/_deps/thrust-src/thrust/system/detail/adl/copy.h:25,
                 from /home/kataiwa/fhemamba/structural-four-20260925/cheddar-build/_deps/thrust-src/thrust/detail/copy.inl:23,
                 from /home/kataiwa/fhemamba/structural-four-20260925/cheddar-build/_deps/thrust-src/thrust/detail/copy.h:90,
                 from /home/kataiwa/fhemamba/structural-four-20260925/cheddar-build/_deps/thrust-src/thrust/detail/allocator/copy_construct_range.inl:23,
                 from /home/kataiwa/fhemamba/structural-four-20260925/cheddar-build/_deps/thrust-src/thrust/detail/allocator/copy_construct_range.h:45,
                 from /home/kataiwa/fhemamba/structural-four-20260925/cheddar-build/_deps/thrust-src/thrust/detail/contiguous_storage.inl:23,
                 from /home/kataiwa/fhemamba/structural-four-20260925/cheddar-build/_deps/thrust-src/thrust/detail/contiguous_storage.h:234,
                 from /home/kataiwa/fhemamba/structural-four-20260925/cheddar-build/_deps/thrust-src/thrust/detail/vector_base.h:30,
                 from /home/kataiwa/fhemamba/structural-four-20260925/cheddar-build/_deps/thrust-src/thrust/host_vector.h:27,
                 from /home/kataiwa/fhemamba/structural-four-20260925/cheddar/include/core/DeviceVector.h:3,
                 from /home/kataiwa/fhemamba/structural-four-20260925/cheddar/include/core/Container.h:3,
                 from /home/kataiwa/fhemamba/structural-four-20260925/cheddar/include/core/Context.h:6,
                 from /home/kataiwa/fhemamba/structural-four-20260925/cheddar/src/core/Context.cpp:1:
/home/kataiwa/fhemamba/structural-four-20260925/cheddar-build/_deps/thrust-src/thrust/type_traits/is_trivially_relocatable.h:326:39: warning: ‘long4’ is deprecated: use long4_16a or long4_32a [-Wdeprecated-declarations]
  326 | THRUST_PROCLAIM_TRIVIALLY_RELOCATABLE(long4)
      |                                       ^~~~~
/home/kataiwa/fhemamba/structural-four-20260925/cheddar-build/_deps/thrust-src/thrust/type_traits/is_trivially_relocatable.h:229:41: note: in definition of macro ‘THRUST_PROCLAIM_TRIVIALLY_RELOCATABLE’
  229 |   struct proclaim_trivially_relocatable<T> : THRUST_NS_QUALIFIER::true_type   \
      |                                         ^
In file included from /usr/local/cuda-13.0/targets/sbsa-linux/include/driver_types.h:61,
                 from /usr/local/cuda-13.0/targets/sbsa-linux/include/builtin_types.h:59,
                 from /usr/local/cuda-13.0/targets/sbsa-linux/include/cuda_runtime_api.h:150,
                 from /home/kataiwa/fhemamba/structural-four-20260925/cheddar-build/_deps/thrust-src/thrust/system/cuda/detail/guarded_cuda_runtime_api.h:38,
                 from /home/kataiwa/fhemamba/structural-four-20260925/cheddar-build/_deps/thrust-src/thrust/type_traits/is_trivially_relocatable.h:297:
/usr/local/cuda-13.0/targets/sbsa-linux/include/vector_types.h:532:98: note: declared here
  532 | typedef __device_builtin__ struct long4 __VECTOR_TYPE_DEPRECATED__("use long4_16a or long4_32a") long4;
      |                                                                                                  ^~~~~
/home/kataiwa/fhemamba/structural-four-20260925/cheddar-build/_deps/thrust-src/thrust/type_traits/is_trivially_relocatable.h:330:39: warning: ‘ulong4’ is deprecated: use ulong4_16a or ulong4_32a [-Wdeprecated-declarations]
  330 | THRUST_PROCLAIM_TRIVIALLY_RELOCATABLE(ulong4)
      |                                       ^~~~~~
/home/kataiwa/fhemamba/structural-four-20260925/cheddar-build/_deps/thrust-src/thrust/type_traits/is_trivially_relocatable.h:229:41: note: in definition of macro ‘THRUST_PROCLAIM_TRIVIALLY_RELOCATABLE’
  229 |   struct proclaim_trivially_relocatable<T> : THRUST_NS_QUALIFIER::true_type   \
      |                                         ^
/usr/local/cuda-13.0/targets/sbsa-linux/include/vector_types.h:533:101: note: declared here
  533 | typedef __device_builtin__ struct ulong4 __VECTOR_TYPE_DEPRECATED__("use ulong4_16a or ulong4_32a") ulong4;
      |                                                                                                     ^~~~~~
/home/kataiwa/fhemamba/structural-four-20260925/cheddar-build/_deps/thrust-src/thrust/type_traits/is_trivially_relocatable.h:334:39: warning: ‘longlong4’ is deprecated: use longlong4_16a or longlong4_32a [-Wdeprecated-declarations]
  334 | THRUST_PROCLAIM_TRIVIALLY_RELOCATABLE(longlong4)
      |                                       ^~~~~~~~~
/home/kataiwa/fhemamba/structural-four-20260925/cheddar-build/_deps/thrust-src/thrust/type_traits/is_trivially_relocatable.h:229:41: note: in definition of macro ‘THRUST_PROCLAIM_TRIVIALLY_RELOCATABLE’
  229 |   struct proclaim_trivially_relocatable<T> : THRUST_NS_QUALIFIER::true_type   \
      |                                         ^
/usr/local/cuda-13.0/targets/sbsa-linux/include/vector_types.h:550:110: note: declared here
  550 | typedef __device_builtin__ struct longlong4 __VECTOR_TYPE_DEPRECATED__("use longlong4_16a or longlong4_32a") longlong4;
      |                                                                                                              ^~~~~~~~~
/home/kataiwa/fhemamba/structural-four-20260925/cheddar-build/_deps/thrust-src/thrust/type_traits/is_trivially_relocatable.h:338:39: warning: ‘ulonglong4’ is deprecated: use ulonglong4_16a or ulonglong4_32a [-Wdeprecated-declarations]
  338 | THRUST_PROCLAIM_TRIVIALLY_RELOCATABLE(ulonglong4)
      |                                       ^~~~~~~~~~
/home/kataiwa/fhemamba/structural-four-20260925/cheddar-build/_deps/thrust-src/thrust/type_traits/is_trivially_relocatable.h:229:41: note: in definition of macro ‘THRUST_PROCLAIM_TRIVIALLY_RELOCATABLE’
  229 |   struct proclaim_trivially_relocatable<T> : THRUST_NS_QUALIFIER::true_type   \
      |                                         ^
/usr/local/cuda-13.0/targets/sbsa-linux/include/vector_types.h:551:113: note: declared here
  551 | typedef __device_builtin__ struct ulonglong4 __VECTOR_TYPE_DEPRECATED__("use ulonglong4_16a or ulonglong4_32a") ulonglong4;
      |                                                                                                                 ^~~~~~~~~~
/home/kataiwa/fhemamba/structural-four-20260925/cheddar-build/_deps/thrust-src/thrust/type_traits/is_trivially_relocatable.h:353:39: warning: ‘double4’ is deprecated: use double4_16a or double4_32a [-Wdeprecated-declarations]
  353 | THRUST_PROCLAIM_TRIVIALLY_RELOCATABLE(double4)
      |                                       ^~~~~~~
/home/kataiwa/fhemamba/structural-four-20260925/cheddar-build/_deps/thrust-src/thrust/type_traits/is_trivially_relocatable.h:229:41: note: in definition of macro ‘THRUST_PROCLAIM_TRIVIALLY_RELOCATABLE’
  229 |   struct proclaim_trivially_relocatable<T> : THRUST_NS_QUALIFIER::true_type   \
      |                                         ^
/usr/local/cuda-13.0/targets/sbsa-linux/include/vector_types.h:561:104: note: declared here
  561 | typedef __device_builtin__ struct double4 __VECTOR_TYPE_DEPRECATED__("use double4_16a or double4_32a") double4;
      |                                                                                                        ^~~~~~~
In file included from /home/kataiwa/fhemamba/structural-four-20260925/cheddar-build/_deps/thrust-src/thrust/system/detail/sequential/copy.inl:26,
                 from /home/kataiwa/fhemamba/structural-four-20260925/cheddar-build/_deps/thrust-src/thrust/system/detail/sequential/copy.h:61,
                 from /home/kataiwa/fhemamba/structural-four-20260925/cheddar-build/_deps/thrust-src/thrust/system/detail/adl/copy.h:25,
                 from /home/kataiwa/fhemamba/structural-four-20260925/cheddar-build/_deps/thrust-src/thrust/detail/copy.inl:23,
                 from /home/kataiwa/fhemamba/structural-four-20260925/cheddar-build/_deps/thrust-src/thrust/detail/copy.h:90,
                 from /home/kataiwa/fhemamba/structural-four-20260925/cheddar-build/_deps/thrust-src/thrust/detail/allocator/copy_construct_range.inl:23,
                 from /home/kataiwa/fhemamba/structural-four-20260925/cheddar-build/_deps/thrust-src/thrust/detail/allocator/copy_construct_range.h:45,
                 from /home/kataiwa/fhemamba/structural-four-20260925/cheddar-build/_deps/thrust-src/thrust/detail/contiguous_storage.inl:23,
                 from /home/kataiwa/fhemamba/structural-four-20260925/cheddar-build/_deps/thrust-src/thrust/detail/contiguous_storage.h:234,
                 from /home/kataiwa/fhemamba/structural-four-20260925/cheddar-build/_deps/thrust-src/thrust/detail/vector_base.h:30,
                 from /home/kataiwa/fhemamba/structural-four-20260925/cheddar-build/_deps/thrust-src/thrust/host_vector.h:27,
                 from /home/kataiwa/fhemamba/structural-four-20260925/cheddar/include/core/DeviceVector.h:3,
                 from /home/kataiwa/fhemamba/structural-four-20260925/cheddar/include/core/Container.h:3,
                 from /home/kataiwa/fhemamba/structural-four-20260925/cheddar/include/core/EvkMap.h:5,
                 from /home/kataiwa/fhemamba/structural-four-20260925/cheddar/src/core/EvkMap.cpp:1:
/home/kataiwa/fhemamba/structural-four-20260925/cheddar-build/_deps/thrust-src/thrust/type_traits/is_trivially_relocatable.h:326:39: warning: ‘long4’ is deprecated: use long4_16a or long4_32a [-Wdeprecated-declarations]
  326 | THRUST_PROCLAIM_TRIVIALLY_RELOCATABLE(long4)
      |                                       ^~~~~
/home/kataiwa/fhemamba/structural-four-20260925/cheddar-build/_deps/thrust-src/thrust/type_traits/is_trivially_relocatable.h:229:41: note: in definition of macro ‘THRUST_PROCLAIM_TRIVIALLY_RELOCATABLE’
  229 |   struct proclaim_trivially_relocatable<T> : THRUST_NS_QUALIFIER::true_type   \
      |                                         ^
In file included from /usr/local/cuda-13.0/targets/sbsa-linux/include/driver_types.h:61,
                 from /usr/local/cuda-13.0/targets/sbsa-linux/include/builtin_types.h:59,
                 from /usr/local/cuda-13.0/targets/sbsa-linux/include/cuda_runtime_api.h:150,
                 from /home/kataiwa/fhemamba/structural-four-20260925/cheddar-build/_deps/thrust-src/thrust/system/cuda/detail/guarded_cuda_runtime_api.h:38,
                 from /home/kataiwa/fhemamba/structural-four-20260925/cheddar-build/_deps/thrust-src/thrust/type_traits/is_trivially_relocatable.h:297:
/usr/local/cuda-13.0/targets/sbsa-linux/include/vector_types.h:532:98: note: declared here
  532 | typedef __device_builtin__ struct long4 __VECTOR_TYPE_DEPRECATED__("use long4_16a or long4_32a") long4;
      |                                                                                                  ^~~~~
/home/kataiwa/fhemamba/structural-four-20260925/cheddar-build/_deps/thrust-src/thrust/type_traits/is_trivially_relocatable.h:330:39: warning: ‘ulong4’ is deprecated: use ulong4_16a or ulong4_32a [-Wdeprecated-declarations]
  330 | THRUST_PROCLAIM_TRIVIALLY_RELOCATABLE(ulong4)
      |                                       ^~~~~~
/home/kataiwa/fhemamba/structural-four-20260925/cheddar-build/_deps/thrust-src/thrust/type_traits/is_trivially_relocatable.h:229:41: note: in definition of macro ‘THRUST_PROCLAIM_TRIVIALLY_RELOCATABLE’
  229 |   struct proclaim_trivially_relocatable<T> : THRUST_NS_QUALIFIER::true_type   \
      |                                         ^
/usr/local/cuda-13.0/targets/sbsa-linux/include/vector_types.h:533:101: note: declared here
  533 | typedef __device_builtin__ struct ulong4 __VECTOR_TYPE_DEPRECATED__("use ulong4_16a or ulong4_32a") ulong4;
      |                                                                                                     ^~~~~~
/home/kataiwa/fhemamba/structural-four-20260925/cheddar-build/_deps/thrust-src/thrust/type_traits/is_trivially_relocatable.h:334:39: warning: ‘longlong4’ is deprecated: use longlong4_16a or longlong4_32a [-Wdeprecated-declarations]
  334 | THRUST_PROCLAIM_TRIVIALLY_RELOCATABLE(longlong4)
      |                                       ^~~~~~~~~
/home/kataiwa/fhemamba/structural-four-20260925/cheddar-build/_deps/thrust-src/thrust/type_traits/is_trivially_relocatable.h:229:41: note: in definition of macro ‘THRUST_PROCLAIM_TRIVIALLY_RELOCATABLE’
  229 |   struct proclaim_trivially_relocatable<T> : THRUST_NS_QUALIFIER::true_type   \
      |                                         ^
/usr/local/cuda-13.0/targets/sbsa-linux/include/vector_types.h:550:110: note: declared here
  550 | typedef __device_builtin__ struct longlong4 __VECTOR_TYPE_DEPRECATED__("use longlong4_16a or longlong4_32a") longlong4;
      |                                                                                                              ^~~~~~~~~
/home/kataiwa/fhemamba/structural-four-20260925/cheddar-build/_deps/thrust-src/thrust/type_traits/is_trivially_relocatable.h:338:39: warning: ‘ulonglong4’ is deprecated: use ulonglong4_16a or ulonglong4_32a [-Wdeprecated-declarations]
  338 | THRUST_PROCLAIM_TRIVIALLY_RELOCATABLE(ulonglong4)
      |                                       ^~~~~~~~~~
/home/kataiwa/fhemamba/structural-four-20260925/cheddar-build/_deps/thrust-src/thrust/type_traits/is_trivially_relocatable.h:229:41: note: in definition of macro ‘THRUST_PROCLAIM_TRIVIALLY_RELOCATABLE’
  229 |   struct proclaim_trivially_relocatable<T> : THRUST_NS_QUALIFIER::true_type   \
      |                                         ^
/usr/local/cuda-13.0/targets/sbsa-linux/include/vector_types.h:551:113: note: declared here
  551 | typedef __device_builtin__ struct ulonglong4 __VECTOR_TYPE_DEPRECATED__("use ulonglong4_16a or ulonglong4_32a") ulonglong4;
      |                                                                                                                 ^~~~~~~~~~
/home/kataiwa/fhemamba/structural-four-20260925/cheddar-build/_deps/thrust-src/thrust/type_traits/is_trivially_relocatable.h:353:39: warning: ‘double4’ is deprecated: use double4_16a or double4_32a [-Wdeprecated-declarations]
  353 | THRUST_PROCLAIM_TRIVIALLY_RELOCATABLE(double4)
      |                                       ^~~~~~~
/home/kataiwa/fhemamba/structural-four-20260925/cheddar-build/_deps/thrust-src/thrust/type_traits/is_trivially_relocatable.h:229:41: note: in definition of macro ‘THRUST_PROCLAIM_TRIVIALLY_RELOCATABLE’
  229 |   struct proclaim_trivially_relocatable<T> : THRUST_NS_QUALIFIER::true_type   \
      |                                         ^
/usr/local/cuda-13.0/targets/sbsa-linux/include/vector_types.h:561:104: note: declared here
  561 | typedef __device_builtin__ struct double4 __VECTOR_TYPE_DEPRECATED__("use double4_16a or double4_32a") double4;
      |                                                                                                        ^~~~~~~
In file included from /home/kataiwa/fhemamba/structural-four-20260925/cheddar-build/_deps/thrust-src/thrust/system/detail/sequential/copy.inl:26,
                 from /home/kataiwa/fhemamba/structural-four-20260925/cheddar-build/_deps/thrust-src/thrust/system/detail/sequential/copy.h:61,
                 from /home/kataiwa/fhemamba/structural-four-20260925/cheddar-build/_deps/thrust-src/thrust/system/detail/adl/copy.h:25,
                 from /home/kataiwa/fhemamba/structural-four-20260925/cheddar-build/_deps/thrust-src/thrust/detail/copy.inl:23,
                 from /home/kataiwa/fhemamba/structural-four-20260925/cheddar-build/_deps/thrust-src/thrust/detail/copy.h:90,
                 from /home/kataiwa/fhemamba/structural-four-20260925/cheddar-build/_deps/thrust-src/thrust/detail/allocator/copy_construct_range.inl:23,
                 from /home/kataiwa/fhemamba/structural-four-20260925/cheddar-build/_deps/thrust-src/thrust/detail/allocator/copy_construct_range.h:45,
                 from /home/kataiwa/fhemamba/structural-four-20260925/cheddar-build/_deps/thrust-src/thrust/detail/contiguous_storage.inl:23,
                 from /home/kataiwa/fhemamba/structural-four-20260925/cheddar-build/_deps/thrust-src/thrust/detail/contiguous_storage.h:234,
                 from /home/kataiwa/fhemamba/structural-four-20260925/cheddar-build/_deps/thrust-src/thrust/detail/vector_base.h:30,
                 from /home/kataiwa/fhemamba/structural-four-20260925/cheddar-build/_deps/thrust-src/thrust/host_vector.h:27,
                 from /home/kataiwa/fhemamba/structural-four-20260925/cheddar/include/core/DeviceVector.h:3,
                 from /home/kataiwa/fhemamba/structural-four-20260925/cheddar/src/core/DeviceVector.cpp:1:
/home/kataiwa/fhemamba/structural-four-20260925/cheddar-build/_deps/thrust-src/thrust/type_traits/is_trivially_relocatable.h:326:39: warning: ‘long4’ is deprecated: use long4_16a or long4_32a [-Wdeprecated-declarations]
  326 | THRUST_PROCLAIM_TRIVIALLY_RELOCATABLE(long4)
      |                                       ^~~~~
/home/kataiwa/fhemamba/structural-four-20260925/cheddar-build/_deps/thrust-src/thrust/type_traits/is_trivially_relocatable.h:229:41: note: in definition of macro ‘THRUST_PROCLAIM_TRIVIALLY_RELOCATABLE’
  229 |   struct proclaim_trivially_relocatable<T> : THRUST_NS_QUALIFIER::true_type   \
      |                                         ^
In file included from /usr/local/cuda-13.0/targets/sbsa-linux/include/driver_types.h:61,
                 from /usr/local/cuda-13.0/targets/sbsa-linux/include/builtin_types.h:59,
                 from /usr/local/cuda-13.0/targets/sbsa-linux/include/cuda_runtime_api.h:150,
                 from /home/kataiwa/fhemamba/structural-four-20260925/cheddar-build/_deps/thrust-src/thrust/system/cuda/detail/guarded_cuda_runtime_api.h:38,
                 from /home/kataiwa/fhemamba/structural-four-20260925/cheddar-build/_deps/thrust-src/thrust/type_traits/is_trivially_relocatable.h:297:
/usr/local/cuda-13.0/targets/sbsa-linux/include/vector_types.h:532:98: note: declared here
  532 | typedef __device_builtin__ struct long4 __VECTOR_TYPE_DEPRECATED__("use long4_16a or long4_32a") long4;
      |                                                                                                  ^~~~~
/home/kataiwa/fhemamba/structural-four-20260925/cheddar-build/_deps/thrust-src/thrust/type_traits/is_trivially_relocatable.h:330:39: warning: ‘ulong4’ is deprecated: use ulong4_16a or ulong4_32a [-Wdeprecated-declarations]
  330 | THRUST_PROCLAIM_TRIVIALLY_RELOCATABLE(ulong4)
      |                                       ^~~~~~
/home/kataiwa/fhemamba/structural-four-20260925/cheddar-build/_deps/thrust-src/thrust/type_traits/is_trivially_relocatable.h:229:41: note: in definition of macro ‘THRUST_PROCLAIM_TRIVIALLY_RELOCATABLE’
  229 |   struct proclaim_trivially_relocatable<T> : THRUST_NS_QUALIFIER::true_type   \
      |                                         ^
/usr/local/cuda-13.0/targets/sbsa-linux/include/vector_types.h:533:101: note: declared here
  533 | typedef __device_builtin__ struct ulong4 __VECTOR_TYPE_DEPRECATED__("use ulong4_16a or ulong4_32a") ulong4;
      |                                                                                                     ^~~~~~
/home/kataiwa/fhemamba/structural-four-20260925/cheddar-build/_deps/thrust-src/thrust/type_traits/is_trivially_relocatable.h:334:39: warning: ‘longlong4’ is deprecated: use longlong4_16a or longlong4_32a [-Wdeprecated-declarations]
  334 | THRUST_PROCLAIM_TRIVIALLY_RELOCATABLE(longlong4)
      |                                       ^~~~~~~~~
/home/kataiwa/fhemamba/structural-four-20260925/cheddar-build/_deps/thrust-src/thrust/type_traits/is_trivially_relocatable.h:229:41: note: in definition of macro ‘THRUST_PROCLAIM_TRIVIALLY_RELOCATABLE’
  229 |   struct proclaim_trivially_relocatable<T> : THRUST_NS_QUALIFIER::true_type   \
      |                                         ^
/usr/local/cuda-13.0/targets/sbsa-linux/include/vector_types.h:550:110: note: declared here
  550 | typedef __device_builtin__ struct longlong4 __VECTOR_TYPE_DEPRECATED__("use longlong4_16a or longlong4_32a") longlong4;
      |                                                                                                              ^~~~~~~~~
/home/kataiwa/fhemamba/structural-four-20260925/cheddar-build/_deps/thrust-src/thrust/type_traits/is_trivially_relocatable.h:338:39: warning: ‘ulonglong4’ is deprecated: use ulonglong4_16a or ulonglong4_32a [-Wdeprecated-declarations]
  338 | THRUST_PROCLAIM_TRIVIALLY_RELOCATABLE(ulonglong4)
      |                                       ^~~~~~~~~~
/home/kataiwa/fhemamba/structural-four-20260925/cheddar-build/_deps/thrust-src/thrust/type_traits/is_trivially_relocatable.h:229:41: note: in definition of macro ‘THRUST_PROCLAIM_TRIVIALLY_RELOCATABLE’
  229 |   struct proclaim_trivially_relocatable<T> : THRUST_NS_QUALIFIER::true_type   \
      |                                         ^
/usr/local/cuda-13.0/targets/sbsa-linux/include/vector_types.h:551:113: note: declared here
  551 | typedef __device_builtin__ struct ulonglong4 __VECTOR_TYPE_DEPRECATED__("use ulonglong4_16a or ulonglong4_32a") ulonglong4;
      |                                                                                                                 ^~~~~~~~~~
/home/kataiwa/fhemamba/structural-four-20260925/cheddar-build/_deps/thrust-src/thrust/type_traits/is_trivially_relocatable.h:353:39: warning: ‘double4’ is deprecated: use double4_16a or double4_32a [-Wdeprecated-declarations]
  353 | THRUST_PROCLAIM_TRIVIALLY_RELOCATABLE(double4)
      |                                       ^~~~~~~
/home/kataiwa/fhemamba/structural-four-20260925/cheddar-build/_deps/thrust-src/thrust/type_traits/is_trivially_relocatable.h:229:41: note: in definition of macro ‘THRUST_PROCLAIM_TRIVIALLY_RELOCATABLE’
  229 |   struct proclaim_trivially_relocatable<T> : THRUST_NS_QUALIFIER::true_type   \
      |                                         ^
/usr/local/cuda-13.0/targets/sbsa-linux/include/vector_types.h:561:104: note: declared here
  561 | typedef __device_builtin__ struct double4 __VECTOR_TYPE_DEPRECATED__("use double4_16a or double4_32a") double4;
      |                                                                                                        ^~~~~~~
In file included from /home/kataiwa/fhemamba/structural-four-20260925/cheddar-build/_deps/thrust-src/thrust/system/detail/sequential/copy.inl:26,
                 from /home/kataiwa/fhemamba/structural-four-20260925/cheddar-build/_deps/thrust-src/thrust/system/detail/sequential/copy.h:61,
                 from /home/kataiwa/fhemamba/structural-four-20260925/cheddar-build/_deps/thrust-src/thrust/system/detail/adl/copy.h:25,
                 from /home/kataiwa/fhemamba/structural-four-20260925/cheddar-build/_deps/thrust-src/thrust/detail/copy.inl:23,
                 from /home/kataiwa/fhemamba/structural-four-20260925/cheddar-build/_deps/thrust-src/thrust/detail/copy.h:90,
                 from /home/kataiwa/fhemamba/structural-four-20260925/cheddar-build/_deps/thrust-src/thrust/detail/allocator/copy_construct_range.inl:23,
                 from /home/kataiwa/fhemamba/structural-four-20260925/cheddar-build/_deps/thrust-src/thrust/detail/allocator/copy_construct_range.h:45,
                 from /home/kataiwa/fhemamba/structural-four-20260925/cheddar-build/_deps/thrust-src/thrust/detail/contiguous_storage.inl:23,
                 from /home/kataiwa/fhemamba/structural-four-20260925/cheddar-build/_deps/thrust-src/thrust/detail/contiguous_storage.h:234,
                 from /home/kataiwa/fhemamba/structural-four-20260925/cheddar-build/_deps/thrust-src/thrust/detail/vector_base.h:30,
                 from /home/kataiwa/fhemamba/structural-four-20260925/cheddar-build/_deps/thrust-src/thrust/host_vector.h:27,
                 from /home/kataiwa/fhemamba/structural-four-20260925/cheddar/include/core/DeviceVector.h:3,
                 from /home/kataiwa/fhemamba/structural-four-20260925/cheddar/include/core/Container.h:3,
                 from /home/kataiwa/fhemamba/structural-four-20260925/cheddar/include/core/Encode.h:7,
                 from /home/kataiwa/fhemamba/structural-four-20260925/cheddar/src/core/Encode.cpp:1:
/home/kataiwa/fhemamba/structural-four-20260925/cheddar-build/_deps/thrust-src/thrust/type_traits/is_trivially_relocatable.h:326:39: warning: ‘long4’ is deprecated: use long4_16a or long4_32a [-Wdeprecated-declarations]
  326 | THRUST_PROCLAIM_TRIVIALLY_RELOCATABLE(long4)
      |                                       ^~~~~
/home/kataiwa/fhemamba/structural-four-20260925/cheddar-build/_deps/thrust-src/thrust/type_traits/is_trivially_relocatable.h:229:41: note: in definition of macro ‘THRUST_PROCLAIM_TRIVIALLY_RELOCATABLE’
  229 |   struct proclaim_trivially_relocatable<T> : THRUST_NS_QUALIFIER::true_type   \
      |                                         ^
In file included from /usr/local/cuda-13.0/targets/sbsa-linux/include/driver_types.h:61,
                 from /usr/local/cuda-13.0/targets/sbsa-linux/include/builtin_types.h:59,
                 from /usr/local/cuda-13.0/targets/sbsa-linux/include/cuda_runtime_api.h:150,
                 from /home/kataiwa/fhemamba/structural-four-20260925/cheddar-build/_deps/thrust-src/thrust/system/cuda/detail/guarded_cuda_runtime_api.h:38,
                 from /home/kataiwa/fhemamba/structural-four-20260925/cheddar-build/_deps/thrust-src/thrust/type_traits/is_trivially_relocatable.h:297:
/usr/local/cuda-13.0/targets/sbsa-linux/include/vector_types.h:532:98: note: declared here
  532 | typedef __device_builtin__ struct long4 __VECTOR_TYPE_DEPRECATED__("use long4_16a or long4_32a") long4;
      |                                                                                                  ^~~~~
/home/kataiwa/fhemamba/structural-four-20260925/cheddar-build/_deps/thrust-src/thrust/type_traits/is_trivially_relocatable.h:330:39: warning: ‘ulong4’ is deprecated: use ulong4_16a or ulong4_32a [-Wdeprecated-declarations]
  330 | THRUST_PROCLAIM_TRIVIALLY_RELOCATABLE(ulong4)
      |                                       ^~~~~~
/home/kataiwa/fhemamba/structural-four-20260925/cheddar-build/_deps/thrust-src/thrust/type_traits/is_trivially_relocatable.h:229:41: note: in definition of macro ‘THRUST_PROCLAIM_TRIVIALLY_RELOCATABLE’
  229 |   struct proclaim_trivially_relocatable<T> : THRUST_NS_QUALIFIER::true_type   \
      |                                         ^
/usr/local/cuda-13.0/targets/sbsa-linux/include/vector_types.h:533:101: note: declared here
  533 | typedef __device_builtin__ struct ulong4 __VECTOR_TYPE_DEPRECATED__("use ulong4_16a or ulong4_32a") ulong4;
      |                                                                                                     ^~~~~~
/home/kataiwa/fhemamba/structural-four-20260925/cheddar-build/_deps/thrust-src/thrust/type_traits/is_trivially_relocatable.h:334:39: warning: ‘longlong4’ is deprecated: use longlong4_16a or longlong4_32a [-Wdeprecated-declarations]
  334 | THRUST_PROCLAIM_TRIVIALLY_RELOCATABLE(longlong4)
      |                                       ^~~~~~~~~
/home/kataiwa/fhemamba/structural-four-20260925/cheddar-build/_deps/thrust-src/thrust/type_traits/is_trivially_relocatable.h:229:41: note: in definition of macro ‘THRUST_PROCLAIM_TRIVIALLY_RELOCATABLE’
  229 |   struct proclaim_trivially_relocatable<T> : THRUST_NS_QUALIFIER::true_type   \
      |                                         ^
/usr/local/cuda-13.0/targets/sbsa-linux/include/vector_types.h:550:110: note: declared here
  550 | typedef __device_builtin__ struct longlong4 __VECTOR_TYPE_DEPRECATED__("use longlong4_16a or longlong4_32a") longlong4;
      |                                                                                                              ^~~~~~~~~
/home/kataiwa/fhemamba/structural-four-20260925/cheddar-build/_deps/thrust-src/thrust/type_traits/is_trivially_relocatable.h:338:39: warning: ‘ulonglong4’ is deprecated: use ulonglong4_16a or ulonglong4_32a [-Wdeprecated-declarations]
  338 | THRUST_PROCLAIM_TRIVIALLY_RELOCATABLE(ulonglong4)
      |                                       ^~~~~~~~~~
/home/kataiwa/fhemamba/structural-four-20260925/cheddar-build/_deps/thrust-src/thrust/type_traits/is_trivially_relocatable.h:229:41: note: in definition of macro ‘THRUST_PROCLAIM_TRIVIALLY_RELOCATABLE’
  229 |   struct proclaim_trivially_relocatable<T> : THRUST_NS_QUALIFIER::true_type   \
      |                                         ^
/usr/local/cuda-13.0/targets/sbsa-linux/include/vector_types.h:551:113: note: declared here
  551 | typedef __device_builtin__ struct ulonglong4 __VECTOR_TYPE_DEPRECATED__("use ulonglong4_16a or ulonglong4_32a") ulonglong4;
      |                                                                                                                 ^~~~~~~~~~
/home/kataiwa/fhemamba/structural-four-20260925/cheddar-build/_deps/thrust-src/thrust/type_traits/is_trivially_relocatable.h:353:39: warning: ‘double4’ is deprecated: use double4_16a or double4_32a [-Wdeprecated-declarations]
  353 | THRUST_PROCLAIM_TRIVIALLY_RELOCATABLE(double4)
      |                                       ^~~~~~~
/home/kataiwa/fhemamba/structural-four-20260925/cheddar-build/_deps/thrust-src/thrust/type_traits/is_trivially_relocatable.h:229:41: note: in definition of macro ‘THRUST_PROCLAIM_TRIVIALLY_RELOCATABLE’
  229 |   struct proclaim_trivially_relocatable<T> : THRUST_NS_QUALIFIER::true_type   \
      |                                         ^
/usr/local/cuda-13.0/targets/sbsa-linux/include/vector_types.h:561:104: note: declared here
  561 | typedef __device_builtin__ struct double4 __VECTOR_TYPE_DEPRECATED__("use double4_16a or double4_32a") double4;
      |                                                                                                        ^~~~~~~
[ 30%] Building CXX object CMakeFiles/cheddar.dir/src/core/MultiLevelCiphertext.cpp.o
[ 34%] Building CXX object CMakeFiles/cheddar.dir/src/core/NPInfo.cpp.o
[ 38%] Building CUDA object CMakeFiles/cheddar.dir/src/core/ElementWise.cu.o
[ 42%] Building CUDA object CMakeFiles/cheddar.dir/src/core/ModSwitch.cu.o
In file included from /home/kataiwa/fhemamba/structural-four-20260925/cheddar-build/_deps/thrust-src/thrust/system/detail/sequential/copy.inl:26,
                 from /home/kataiwa/fhemamba/structural-four-20260925/cheddar-build/_deps/thrust-src/thrust/system/detail/sequential/copy.h:61,
                 from /home/kataiwa/fhemamba/structural-four-20260925/cheddar-build/_deps/thrust-src/thrust/system/detail/adl/copy.h:25,
                 from /home/kataiwa/fhemamba/structural-four-20260925/cheddar-build/_deps/thrust-src/thrust/detail/copy.inl:23,
                 from /home/kataiwa/fhemamba/structural-four-20260925/cheddar-build/_deps/thrust-src/thrust/detail/copy.h:90,
                 from /home/kataiwa/fhemamba/structural-four-20260925/cheddar-build/_deps/thrust-src/thrust/detail/allocator/copy_construct_range.inl:23,
                 from /home/kataiwa/fhemamba/structural-four-20260925/cheddar-build/_deps/thrust-src/thrust/detail/allocator/copy_construct_range.h:45,
                 from /home/kataiwa/fhemamba/structural-four-20260925/cheddar-build/_deps/thrust-src/thrust/detail/contiguous_storage.inl:23,
                 from /home/kataiwa/fhemamba/structural-four-20260925/cheddar-build/_deps/thrust-src/thrust/detail/contiguous_storage.h:234,
                 from /home/kataiwa/fhemamba/structural-four-20260925/cheddar-build/_deps/thrust-src/thrust/detail/vector_base.h:30,
                 from /home/kataiwa/fhemamba/structural-four-20260925/cheddar-build/_deps/thrust-src/thrust/host_vector.h:27,
                 from /home/kataiwa/fhemamba/structural-four-20260925/cheddar/include/core/DeviceVector.h:3,
                 from /home/kataiwa/fhemamba/structural-four-20260925/cheddar/include/core/Container.h:3,
                 from /home/kataiwa/fhemamba/structural-four-20260925/cheddar/include/core/MultiLevelCiphertext.h:5,
                 from /home/kataiwa/fhemamba/structural-four-20260925/cheddar/src/core/MultiLevelCiphertext.cpp:1:
/home/kataiwa/fhemamba/structural-four-20260925/cheddar-build/_deps/thrust-src/thrust/type_traits/is_trivially_relocatable.h:326:39: warning: ‘long4’ is deprecated: use long4_16a or long4_32a [-Wdeprecated-declarations]
  326 | THRUST_PROCLAIM_TRIVIALLY_RELOCATABLE(long4)
      |                                       ^~~~~
/home/kataiwa/fhemamba/structural-four-20260925/cheddar-build/_deps/thrust-src/thrust/type_traits/is_trivially_relocatable.h:229:41: note: in definition of macro ‘THRUST_PROCLAIM_TRIVIALLY_RELOCATABLE’
  229 |   struct proclaim_trivially_relocatable<T> : THRUST_NS_QUALIFIER::true_type   \
      |                                         ^
In file included from /usr/local/cuda-13.0/targets/sbsa-linux/include/driver_types.h:61,
                 from /usr/local/cuda-13.0/targets/sbsa-linux/include/builtin_types.h:59,
                 from /usr/local/cuda-13.0/targets/sbsa-linux/include/cuda_runtime_api.h:150,
                 from /home/kataiwa/fhemamba/structural-four-20260925/cheddar-build/_deps/thrust-src/thrust/system/cuda/detail/guarded_cuda_runtime_api.h:38,
                 from /home/kataiwa/fhemamba/structural-four-20260925/cheddar-build/_deps/thrust-src/thrust/type_traits/is_trivially_relocatable.h:297:
/usr/local/cuda-13.0/targets/sbsa-linux/include/vector_types.h:532:98: note: declared here
  532 | typedef __device_builtin__ struct long4 __VECTOR_TYPE_DEPRECATED__("use long4_16a or long4_32a") long4;
      |                                                                                                  ^~~~~
/home/kataiwa/fhemamba/structural-four-20260925/cheddar-build/_deps/thrust-src/thrust/type_traits/is_trivially_relocatable.h:330:39: warning: ‘ulong4’ is deprecated: use ulong4_16a or ulong4_32a [-Wdeprecated-declarations]
  330 | THRUST_PROCLAIM_TRIVIALLY_RELOCATABLE(ulong4)
      |                                       ^~~~~~
/home/kataiwa/fhemamba/structural-four-20260925/cheddar-build/_deps/thrust-src/thrust/type_traits/is_trivially_relocatable.h:229:41: note: in definition of macro ‘THRUST_PROCLAIM_TRIVIALLY_RELOCATABLE’
  229 |   struct proclaim_trivially_relocatable<T> : THRUST_NS_QUALIFIER::true_type   \
      |                                         ^
/usr/local/cuda-13.0/targets/sbsa-linux/include/vector_types.h:533:101: note: declared here
  533 | typedef __device_builtin__ struct ulong4 __VECTOR_TYPE_DEPRECATED__("use ulong4_16a or ulong4_32a") ulong4;
      |                                                                                                     ^~~~~~
/home/kataiwa/fhemamba/structural-four-20260925/cheddar-build/_deps/thrust-src/thrust/type_traits/is_trivially_relocatable.h:334:39: warning: ‘longlong4’ is deprecated: use longlong4_16a or longlong4_32a [-Wdeprecated-declarations]
  334 | THRUST_PROCLAIM_TRIVIALLY_RELOCATABLE(longlong4)
      |                                       ^~~~~~~~~
/home/kataiwa/fhemamba/structural-four-20260925/cheddar-build/_deps/thrust-src/thrust/type_traits/is_trivially_relocatable.h:229:41: note: in definition of macro ‘THRUST_PROCLAIM_TRIVIALLY_RELOCATABLE’
  229 |   struct proclaim_trivially_relocatable<T> : THRUST_NS_QUALIFIER::true_type   \
      |                                         ^
/usr/local/cuda-13.0/targets/sbsa-linux/include/vector_types.h:550:110: note: declared here
  550 | typedef __device_builtin__ struct longlong4 __VECTOR_TYPE_DEPRECATED__("use longlong4_16a or longlong4_32a") longlong4;
      |                                                                                                              ^~~~~~~~~
/home/kataiwa/fhemamba/structural-four-20260925/cheddar-build/_deps/thrust-src/thrust/type_traits/is_trivially_relocatable.h:338:39: warning: ‘ulonglong4’ is deprecated: use ulonglong4_16a or ulonglong4_32a [-Wdeprecated-declarations]
  338 | THRUST_PROCLAIM_TRIVIALLY_RELOCATABLE(ulonglong4)
      |                                       ^~~~~~~~~~
/home/kataiwa/fhemamba/structural-four-20260925/cheddar-build/_deps/thrust-src/thrust/type_traits/is_trivially_relocatable.h:229:41: note: in definition of macro ‘THRUST_PROCLAIM_TRIVIALLY_RELOCATABLE’
  229 |   struct proclaim_trivially_relocatable<T> : THRUST_NS_QUALIFIER::true_type   \
      |                                         ^
/usr/local/cuda-13.0/targets/sbsa-linux/include/vector_types.h:551:113: note: declared here
  551 | typedef __device_builtin__ struct ulonglong4 __VECTOR_TYPE_DEPRECATED__("use ulonglong4_16a or ulonglong4_32a") ulonglong4;
      |                                                                                                                 ^~~~~~~~~~
/home/kataiwa/fhemamba/structural-four-20260925/cheddar-build/_deps/thrust-src/thrust/type_traits/is_trivially_relocatable.h:353:39: warning: ‘double4’ is deprecated: use double4_16a or double4_32a [-Wdeprecated-declarations]
  353 | THRUST_PROCLAIM_TRIVIALLY_RELOCATABLE(double4)
      |                                       ^~~~~~~
/home/kataiwa/fhemamba/structural-four-20260925/cheddar-build/_deps/thrust-src/thrust/type_traits/is_trivially_relocatable.h:229:41: note: in definition of macro ‘THRUST_PROCLAIM_TRIVIALLY_RELOCATABLE’
  229 |   struct proclaim_trivially_relocatable<T> : THRUST_NS_QUALIFIER::true_type   \
      |                                         ^
/usr/local/cuda-13.0/targets/sbsa-linux/include/vector_types.h:561:104: note: declared here
  561 | typedef __device_builtin__ struct double4 __VECTOR_TYPE_DEPRECATED__("use double4_16a or double4_32a") double4;
      |                                                                                                        ^~~~~~~
[ 46%] Building CUDA object CMakeFiles/cheddar.dir/src/core/NTT.cu.o
[ 50%] Building CUDA object CMakeFiles/cheddar.dir/src/core/Parameter.cu.o
[ 53%] Building CUDA object CMakeFiles/cheddar.dir/src/UserInterface.cu.o
[ 57%] Building CXX object CMakeFiles/cheddar.dir/src/core/BigInt_gmp.cpp.o
[ 61%] Building CXX object CMakeFiles/cheddar.dir/src/extension/BootContext.cpp.o
In file included from /home/kataiwa/fhemamba/structural-four-20260925/cheddar-build/_deps/thrust-src/thrust/system/detail/sequential/copy.inl:26,
                 from /home/kataiwa/fhemamba/structural-four-20260925/cheddar-build/_deps/thrust-src/thrust/system/detail/sequential/copy.h:61,
                 from /home/kataiwa/fhemamba/structural-four-20260925/cheddar-build/_deps/thrust-src/thrust/system/detail/adl/copy.h:25,
                 from /home/kataiwa/fhemamba/structural-four-20260925/cheddar-build/_deps/thrust-src/thrust/detail/copy.inl:23,
                 from /home/kataiwa/fhemamba/structural-four-20260925/cheddar-build/_deps/thrust-src/thrust/detail/copy.h:90,
                 from /home/kataiwa/fhemamba/structural-four-20260925/cheddar-build/_deps/thrust-src/thrust/detail/allocator/copy_construct_range.inl:23,
                 from /home/kataiwa/fhemamba/structural-four-20260925/cheddar-build/_deps/thrust-src/thrust/detail/allocator/copy_construct_range.h:45,
                 from /home/kataiwa/fhemamba/structural-four-20260925/cheddar-build/_deps/thrust-src/thrust/detail/contiguous_storage.inl:23,
                 from /home/kataiwa/fhemamba/structural-four-20260925/cheddar-build/_deps/thrust-src/thrust/detail/contiguous_storage.h:234,
                 from /home/kataiwa/fhemamba/structural-four-20260925/cheddar-build/_deps/thrust-src/thrust/detail/vector_base.h:30,
                 from /home/kataiwa/fhemamba/structural-four-20260925/cheddar-build/_deps/thrust-src/thrust/host_vector.h:27,
                 from /home/kataiwa/fhemamba/structural-four-20260925/cheddar/include/core/DeviceVector.h:3,
                 from /home/kataiwa/fhemamba/structural-four-20260925/cheddar/include/core/Container.h:3,
                 from /home/kataiwa/fhemamba/structural-four-20260925/cheddar/include/core/Context.h:6,
                 from /home/kataiwa/fhemamba/structural-four-20260925/cheddar/include/extension/BootContext.h:7,
                 from /home/kataiwa/fhemamba/structural-four-20260925/cheddar/src/extension/BootContext.cpp:1:
/home/kataiwa/fhemamba/structural-four-20260925/cheddar-build/_deps/thrust-src/thrust/type_traits/is_trivially_relocatable.h:326:39: warning: ‘long4’ is deprecated: use long4_16a or long4_32a [-Wdeprecated-declarations]
  326 | THRUST_PROCLAIM_TRIVIALLY_RELOCATABLE(long4)
      |                                       ^~~~~
/home/kataiwa/fhemamba/structural-four-20260925/cheddar-build/_deps/thrust-src/thrust/type_traits/is_trivially_relocatable.h:229:41: note: in definition of macro ‘THRUST_PROCLAIM_TRIVIALLY_RELOCATABLE’
  229 |   struct proclaim_trivially_relocatable<T> : THRUST_NS_QUALIFIER::true_type   \
      |                                         ^
In file included from /usr/local/cuda-13.0/targets/sbsa-linux/include/driver_types.h:61,
                 from /usr/local/cuda-13.0/targets/sbsa-linux/include/builtin_types.h:59,
                 from /usr/local/cuda-13.0/targets/sbsa-linux/include/cuda_runtime_api.h:150,
                 from /home/kataiwa/fhemamba/structural-four-20260925/cheddar-build/_deps/thrust-src/thrust/system/cuda/detail/guarded_cuda_runtime_api.h:38,
                 from /home/kataiwa/fhemamba/structural-four-20260925/cheddar-build/_deps/thrust-src/thrust/type_traits/is_trivially_relocatable.h:297:
/usr/local/cuda-13.0/targets/sbsa-linux/include/vector_types.h:532:98: note: declared here
  532 | typedef __device_builtin__ struct long4 __VECTOR_TYPE_DEPRECATED__("use long4_16a or long4_32a") long4;
      |                                                                                                  ^~~~~
/home/kataiwa/fhemamba/structural-four-20260925/cheddar-build/_deps/thrust-src/thrust/type_traits/is_trivially_relocatable.h:330:39: warning: ‘ulong4’ is deprecated: use ulong4_16a or ulong4_32a [-Wdeprecated-declarations]
  330 | THRUST_PROCLAIM_TRIVIALLY_RELOCATABLE(ulong4)
      |                                       ^~~~~~
/home/kataiwa/fhemamba/structural-four-20260925/cheddar-build/_deps/thrust-src/thrust/type_traits/is_trivially_relocatable.h:229:41: note: in definition of macro ‘THRUST_PROCLAIM_TRIVIALLY_RELOCATABLE’
  229 |   struct proclaim_trivially_relocatable<T> : THRUST_NS_QUALIFIER::true_type   \
      |                                         ^
/usr/local/cuda-13.0/targets/sbsa-linux/include/vector_types.h:533:101: note: declared here
  533 | typedef __device_builtin__ struct ulong4 __VECTOR_TYPE_DEPRECATED__("use ulong4_16a or ulong4_32a") ulong4;
      |                                                                                                     ^~~~~~
/home/kataiwa/fhemamba/structural-four-20260925/cheddar-build/_deps/thrust-src/thrust/type_traits/is_trivially_relocatable.h:334:39: warning: ‘longlong4’ is deprecated: use longlong4_16a or longlong4_32a [-Wdeprecated-declarations]
  334 | THRUST_PROCLAIM_TRIVIALLY_RELOCATABLE(longlong4)
      |                                       ^~~~~~~~~
/home/kataiwa/fhemamba/structural-four-20260925/cheddar-build/_deps/thrust-src/thrust/type_traits/is_trivially_relocatable.h:229:41: note: in definition of macro ‘THRUST_PROCLAIM_TRIVIALLY_RELOCATABLE’
  229 |   struct proclaim_trivially_relocatable<T> : THRUST_NS_QUALIFIER::true_type   \
      |                                         ^
/usr/local/cuda-13.0/targets/sbsa-linux/include/vector_types.h:550:110: note: declared here
  550 | typedef __device_builtin__ struct longlong4 __VECTOR_TYPE_DEPRECATED__("use longlong4_16a or longlong4_32a") longlong4;
      |                                                                                                              ^~~~~~~~~
/home/kataiwa/fhemamba/structural-four-20260925/cheddar-build/_deps/thrust-src/thrust/type_traits/is_trivially_relocatable.h:338:39: warning: ‘ulonglong4’ is deprecated: use ulonglong4_16a or ulonglong4_32a [-Wdeprecated-declarations]
  338 | THRUST_PROCLAIM_TRIVIALLY_RELOCATABLE(ulonglong4)
      |                                       ^~~~~~~~~~
/home/kataiwa/fhemamba/structural-four-20260925/cheddar-build/_deps/thrust-src/thrust/type_traits/is_trivially_relocatable.h:229:41: note: in definition of macro ‘THRUST_PROCLAIM_TRIVIALLY_RELOCATABLE’
  229 |   struct proclaim_trivially_relocatable<T> : THRUST_NS_QUALIFIER::true_type   \
      |                                         ^
/usr/local/cuda-13.0/targets/sbsa-linux/include/vector_types.h:551:113: note: declared here
  551 | typedef __device_builtin__ struct ulonglong4 __VECTOR_TYPE_DEPRECATED__("use ulonglong4_16a or ulonglong4_32a") ulonglong4;
      |                                                                                                                 ^~~~~~~~~~
/home/kataiwa/fhemamba/structural-four-20260925/cheddar-build/_deps/thrust-src/thrust/type_traits/is_trivially_relocatable.h:353:39: warning: ‘double4’ is deprecated: use double4_16a or double4_32a [-Wdeprecated-declarations]
  353 | THRUST_PROCLAIM_TRIVIALLY_RELOCATABLE(double4)
      |                                       ^~~~~~~
/home/kataiwa/fhemamba/structural-four-20260925/cheddar-build/_deps/thrust-src/thrust/type_traits/is_trivially_relocatable.h:229:41: note: in definition of macro ‘THRUST_PROCLAIM_TRIVIALLY_RELOCATABLE’
  229 |   struct proclaim_trivially_relocatable<T> : THRUST_NS_QUALIFIER::true_type   \
      |                                         ^
/usr/local/cuda-13.0/targets/sbsa-linux/include/vector_types.h:561:104: note: declared here
  561 | typedef __device_builtin__ struct double4 __VECTOR_TYPE_DEPRECATED__("use double4_16a or double4_32a") double4;
      |                                                                                                        ^~~~~~~
/home/kataiwa/fhemamba/structural-four-20260925/cheddar-build/_deps/thrust-src/cub/block/../block/../util_type.cuh:380:31: warning: ‘long4’ is deprecated: use long4_16a or long4_32a [-Wdeprecated-declarations]
  380 | __CUB_ALIGN_BYTES(long4, 16)
      |                               ^    
In file included from /usr/local/cuda-13.0/targets/sbsa-linux/include/driver_types.h:61,
                 from /usr/local/cuda-13.0/targets/sbsa-linux/include/builtin_types.h:59,
                 from /usr/local/cuda-13.0/targets/sbsa-linux/include/crt/host_runtime.h:58,
                 from /usr/lib/gcc/aarch64-linux-gnu/13/include/stddef.h:218:
/usr/local/cuda-13.0/targets/sbsa-linux/include/vector_types.h:532:98: note: declared here
  532 | typedef __device_builtin__ struct long4 __VECTOR_TYPE_DEPRECATED__("use long4_16a or long4_32a") long4;
      |                                                                                                  ^~~~~
/home/kataiwa/fhemamba/structural-four-20260925/cheddar-build/_deps/thrust-src/cub/block/../block/../util_type.cuh:380:1: warning: ‘long4’ is deprecated: use long4_16a or long4_32a [-Wdeprecated-declarations]
  380 | __CUB_ALIGN_BYTES(long4, 16)
      | ^~~~
/usr/local/cuda-13.0/targets/sbsa-linux/include/vector_types.h:532:98: note: declared here
  532 | typedef __device_builtin__ struct long4 __VECTOR_TYPE_DEPRECATED__("use long4_16a or long4_32a") long4;
      |                                                                                                  ^~~~~
/home/kataiwa/fhemamba/structural-four-20260925/cheddar-build/_deps/thrust-src/cub/block/../block/../util_type.cuh:381:31: warning: ‘ulong4’ is deprecated: use ulong4_16a or ulong4_32a [-Wdeprecated-declarations]
  381 | __CUB_ALIGN_BYTES(ulong4, 16)
      |                               ^     
/usr/local/cuda-13.0/targets/sbsa-linux/include/vector_types.h:533:101: note: declared here
  533 | typedef __device_builtin__ struct ulong4 __VECTOR_TYPE_DEPRECATED__("use ulong4_16a or ulong4_32a") ulong4;
      |                                                                                                     ^~~~~~
/home/kataiwa/fhemamba/structural-four-20260925/cheddar-build/_deps/thrust-src/cub/block/../block/../util_type.cuh:381:1: warning: ‘ulong4’ is deprecated: use ulong4_16a or ulong4_32a [-Wdeprecated-declarations]
  381 | __CUB_ALIGN_BYTES(ulong4, 16)
      | ^~~~
/usr/local/cuda-13.0/targets/sbsa-linux/include/vector_types.h:533:101: note: declared here
  533 | typedef __device_builtin__ struct ulong4 __VECTOR_TYPE_DEPRECATED__("use ulong4_16a or ulong4_32a") ulong4;
      |                                                                                                     ^~~~~~
/home/kataiwa/fhemamba/structural-four-20260925/cheddar-build/_deps/thrust-src/cub/block/../block/../util_type.cuh:385:31: warning: ‘longlong4’ is deprecated: use longlong4_16a or longlong4_32a [-Wdeprecated-declarations]
  385 | __CUB_ALIGN_BYTES(longlong4, 16)
      |                               ^~       
/usr/local/cuda-13.0/targets/sbsa-linux/include/vector_types.h:550:110: note: declared here
  550 | typedef __device_builtin__ struct longlong4 __VECTOR_TYPE_DEPRECATED__("use longlong4_16a or longlong4_32a") longlong4;
      |                                                                                                              ^~~~~~~~~
/home/kataiwa/fhemamba/structural-four-20260925/cheddar-build/_deps/thrust-src/cub/block/../block/../util_type.cuh:385:1: warning: ‘longlong4’ is deprecated: use longlong4_16a or longlong4_32a [-Wdeprecated-declarations]
  385 | __CUB_ALIGN_BYTES(longlong4, 16)
      | ^~~~
/usr/local/cuda-13.0/targets/sbsa-linux/include/vector_types.h:550:110: note: declared here
  550 | typedef __device_builtin__ struct longlong4 __VECTOR_TYPE_DEPRECATED__("use longlong4_16a or longlong4_32a") longlong4;
      |                                                                                                              ^~~~~~~~~
/home/kataiwa/fhemamba/structural-four-20260925/cheddar-build/_deps/thrust-src/cub/block/../block/../util_type.cuh:386:31: warning: ‘ulonglong4’ is deprecated: use ulonglong4_16a or ulonglong4_32a [-Wdeprecated-declarations]
  386 | __CUB_ALIGN_BYTES(ulonglong4, 16)
      |                               ^~~       
/usr/local/cuda-13.0/targets/sbsa-linux/include/vector_types.h:551:113: note: declared here
  551 | typedef __device_builtin__ struct ulonglong4 __VECTOR_TYPE_DEPRECATED__("use ulonglong4_16a or ulonglong4_32a") ulonglong4;
      |                                                                                                                 ^~~~~~~~~~
/home/kataiwa/fhemamba/structural-four-20260925/cheddar-build/_deps/thrust-src/cub/block/../block/../util_type.cuh:386:1: warning: ‘ulonglong4’ is deprecated: use ulonglong4_16a or ulonglong4_32a [-Wdeprecated-declarations]
  386 | __CUB_ALIGN_BYTES(ulonglong4, 16)
      | ^~~~
/usr/local/cuda-13.0/targets/sbsa-linux/include/vector_types.h:551:113: note: declared here
  551 | typedef __device_builtin__ struct ulonglong4 __VECTOR_TYPE_DEPRECATED__("use ulonglong4_16a or ulonglong4_32a") ulonglong4;
      |                                                                                                                 ^~~~~~~~~~
/home/kataiwa/fhemamba/structural-four-20260925/cheddar-build/_deps/thrust-src/cub/block/../block/../util_type.cuh:387:31: warning: ‘double4’ is deprecated: use double4_16a or double4_32a [-Wdeprecated-declarations]
  387 | __CUB_ALIGN_BYTES(double4, 16)
      |                               ^      
/usr/local/cuda-13.0/targets/sbsa-linux/include/vector_types.h:561:104: note: declared here
  561 | typedef __device_builtin__ struct double4 __VECTOR_TYPE_DEPRECATED__("use double4_16a or double4_32a") double4;
      |                                                                                                        ^~~~~~~
/home/kataiwa/fhemamba/structural-four-20260925/cheddar-build/_deps/thrust-src/cub/block/../block/../util_type.cuh:387:1: warning: ‘double4’ is deprecated: use double4_16a or double4_32a [-Wdeprecated-declarations]
  387 | __CUB_ALIGN_BYTES(double4, 16)
      | ^~~~
/usr/local/cuda-13.0/targets/sbsa-linux/include/vector_types.h:561:104: note: declared here
  561 | typedef __device_builtin__ struct double4 __VECTOR_TYPE_DEPRECATED__("use double4_16a or double4_32a") double4;
      |                                                                                                        ^~~~~~~
/home/kataiwa/fhemamba/structural-four-20260925/cheddar-build/_deps/thrust-src/cub/block/../block/../util_type.cuh:657:332: warning: ‘long4’ is deprecated: use long4_16a or long4_32a [-Wdeprecated-declarations]
  657 | CUB_DEFINE_VECTOR_TYPE(long,               long)
      |                                                                                                                                                                                                                                                                                                                                            ^   
/usr/local/cuda-13.0/targets/sbsa-linux/include/vector_types.h:320:42: note: declared here
  320 | __device_builtin__ __builtin_align__(16) long4
      |                                          ^~~~~
/home/kataiwa/fhemamba/structural-four-20260925/cheddar-build/_deps/thrust-src/cub/block/../block/../util_type.cuh:657:332: warning: ‘long4’ is deprecated: use long4_16a or long4_32a [-Wdeprecated-declarations]
  657 | CUB_DEFINE_VECTOR_TYPE(long,               long)
      |                                                                                                                                                                                                                                                                                                                                            ^   
/usr/local/cuda-13.0/targets/sbsa-linux/include/vector_types.h:320:42: note: declared here
  320 | __device_builtin__ __builtin_align__(16) long4
      |                                          ^~~~~
/home/kataiwa/fhemamba/structural-four-20260925/cheddar-build/_deps/thrust-src/cub/block/../block/../util_type.cuh:658:360: warning: ‘longlong4’ is deprecated: use longlong4_16a or longlong4_32a [-Wdeprecated-declarations]
  658 | CUB_DEFINE_VECTOR_TYPE(long long,          longlong)
      |                                                                                                                                                                                                                                                                                                                                                                        ^   
/usr/local/cuda-13.0/targets/sbsa-linux/include/vector_types.h:426:42: note: declared here
  426 | __device_builtin__ __builtin_align__(16) longlong4
      |                                          ^~~~~~~~~
/home/kataiwa/fhemamba/structural-four-20260925/cheddar-build/_deps/thrust-src/cub/block/../block/../util_type.cuh:658:360: warning: ‘longlong4’ is deprecated: use longlong4_16a or longlong4_32a [-Wdeprecated-declarations]
  658 | CUB_DEFINE_VECTOR_TYPE(long long,          longlong)
      |                                                                                                                                                                                                                                                                                                                                                                        ^   
/usr/local/cuda-13.0/targets/sbsa-linux/include/vector_types.h:426:42: note: declared here
  426 | __device_builtin__ __builtin_align__(16) longlong4
      |                                          ^~~~~~~~~
/home/kataiwa/fhemamba/structural-four-20260925/cheddar-build/_deps/thrust-src/cub/block/../block/../util_type.cuh:662:370: warning: ‘ulong4’ is deprecated: use ulong4_16a or ulong4_32a [-Wdeprecated-declarations]
  662 | CUB_DEFINE_VECTOR_TYPE(unsigned long,      ulong)
      |                                                                                                                                                                                                                                                                                                                                                                                  ^   
/usr/local/cuda-13.0/targets/sbsa-linux/include/vector_types.h:326:42: note: declared here
  326 | __device_builtin__ __builtin_align__(16) ulong4
      |                                          ^~~~~~
/home/kataiwa/fhemamba/structural-four-20260925/cheddar-build/_deps/thrust-src/cub/block/../block/../util_type.cuh:662:370: warning: ‘ulong4’ is deprecated: use ulong4_16a or ulong4_32a [-Wdeprecated-declarations]
  662 | CUB_DEFINE_VECTOR_TYPE(unsigned long,      ulong)
      |                                                                                                                                                                                                                                                                                                                                                                                  ^   
/usr/local/cuda-13.0/targets/sbsa-linux/include/vector_types.h:326:42: note: declared here
  326 | __device_builtin__ __builtin_align__(16) ulong4
      |                                          ^~~~~~
/home/kataiwa/fhemamba/structural-four-20260925/cheddar-build/_deps/thrust-src/cub/block/../block/../util_type.cuh:663:398: warning: ‘ulonglong4’ is deprecated: use ulonglong4_16a or ulonglong4_32a [-Wdeprecated-declarations]
  663 | CUB_DEFINE_VECTOR_TYPE(unsigned long long, ulonglong)
      |                                                                                                                                                                                                                                                                                                                                                                                                              ^   
/usr/local/cuda-13.0/targets/sbsa-linux/include/vector_types.h:442:42: note: declared here
  442 | __device_builtin__ __builtin_align__(16) ulonglong4
      |                                          ^~~~~~~~~~
/home/kataiwa/fhemamba/structural-four-20260925/cheddar-build/_deps/thrust-src/cub/block/../block/../util_type.cuh:663:398: warning: ‘ulonglong4’ is deprecated: use ulonglong4_16a or ulonglong4_32a [-Wdeprecated-declarations]
  663 | CUB_DEFINE_VECTOR_TYPE(unsigned long long, ulonglong)
      |                                                                                                                                                                                                                                                                                                                                                                                                              ^   
/usr/local/cuda-13.0/targets/sbsa-linux/include/vector_types.h:442:42: note: declared here
  442 | __device_builtin__ __builtin_align__(16) ulonglong4
      |                                          ^~~~~~~~~~
/home/kataiwa/fhemamba/structural-four-20260925/cheddar-build/_deps/thrust-src/cub/block/../block/../util_type.cuh:665:344: warning: ‘double4’ is deprecated: use double4_16a or double4_32a [-Wdeprecated-declarations]
  665 | CUB_DEFINE_VECTOR_TYPE(double,             double)
      |                                                                                                                                                                                                                                                                                                                                                        ^   
/usr/local/cuda-13.0/targets/sbsa-linux/include/vector_types.h:474:42: note: declared here
  474 | __device_builtin__ __builtin_align__(16) double4
      |                                          ^~~~~~~
/home/kataiwa/fhemamba/structural-four-20260925/cheddar-build/_deps/thrust-src/cub/block/../block/../util_type.cuh:665:344: warning: ‘double4’ is deprecated: use double4_16a or double4_32a [-Wdeprecated-declarations]
  665 | CUB_DEFINE_VECTOR_TYPE(double,             double)
      |                                                                                                                                                                                                                                                                                                                                                        ^   
/usr/local/cuda-13.0/targets/sbsa-linux/include/vector_types.h:474:42: note: declared here
  474 | __device_builtin__ __builtin_align__(16) double4
      |                                          ^~~~~~~
/home/kataiwa/fhemamba/structural-four-20260925/cheddar-build/_deps/thrust-src/thrust/type_traits/is_trivially_relocatable.h:326:70: warning: ‘long4’ is deprecated: use long4_16a or long4_32a [-Wdeprecated-declarations]
  326 | THRUST_PROCLAIM_TRIVIALLY_RELOCATABLE(long4)
      |                                                                      ^    
/usr/local/cuda-13.0/targets/sbsa-linux/include/vector_types.h:532:98: note: declared here
  532 | typedef __device_builtin__ struct long4 __VECTOR_TYPE_DEPRECATED__("use long4_16a or long4_32a") long4;
      |                                                                                                  ^~~~~
/home/kataiwa/fhemamba/structural-four-20260925/cheddar-build/_deps/thrust-src/thrust/type_traits/is_trivially_relocatable.h:330:70: warning: ‘ulong4’ is deprecated: use ulong4_16a or ulong4_32a [-Wdeprecated-declarations]
  330 | THRUST_PROCLAIM_TRIVIALLY_RELOCATABLE(ulong4)
      |                                                                      ^     
/usr/local/cuda-13.0/targets/sbsa-linux/include/vector_types.h:533:101: note: declared here
  533 | typedef __device_builtin__ struct ulong4 __VECTOR_TYPE_DEPRECATED__("use ulong4_16a or ulong4_32a") ulong4;
      |                                                                                                     ^~~~~~
/home/kataiwa/fhemamba/structural-four-20260925/cheddar-build/_deps/thrust-src/thrust/type_traits/is_trivially_relocatable.h:334:70: warning: ‘longlong4’ is deprecated: use longlong4_16a or longlong4_32a [-Wdeprecated-declarations]
  334 | THRUST_PROCLAIM_TRIVIALLY_RELOCATABLE(longlong4)
      |                                                                      ^        
/usr/local/cuda-13.0/targets/sbsa-linux/include/vector_types.h:550:110: note: declared here
  550 | typedef __device_builtin__ struct longlong4 __VECTOR_TYPE_DEPRECATED__("use longlong4_16a or longlong4_32a") longlong4;
      |                                                                                                              ^~~~~~~~~
/home/kataiwa/fhemamba/structural-four-20260925/cheddar-build/_deps/thrust-src/thrust/type_traits/is_trivially_relocatable.h:338:70: warning: ‘ulonglong4’ is deprecated: use ulonglong4_16a or ulonglong4_32a [-Wdeprecated-declarations]
  338 | THRUST_PROCLAIM_TRIVIALLY_RELOCATABLE(ulonglong4)
      |                                                                      ^         
/usr/local/cuda-13.0/targets/sbsa-linux/include/vector_types.h:551:113: note: declared here
  551 | typedef __device_builtin__ struct ulonglong4 __VECTOR_TYPE_DEPRECATED__("use ulonglong4_16a or ulonglong4_32a") ulonglong4;
      |                                                                                                                 ^~~~~~~~~~
/home/kataiwa/fhemamba/structural-four-20260925/cheddar-build/_deps/thrust-src/thrust/type_traits/is_trivially_relocatable.h:353:70: warning: ‘double4’ is deprecated: use double4_16a or double4_32a [-Wdeprecated-declarations]
  353 | THRUST_PROCLAIM_TRIVIALLY_RELOCATABLE(double4)
      |                                                                      ^      
/usr/local/cuda-13.0/targets/sbsa-linux/include/vector_types.h:561:104: note: declared here
  561 | typedef __device_builtin__ struct double4 __VECTOR_TYPE_DEPRECATED__("use double4_16a or double4_32a") double4;
      |                                                                                                        ^~~~~~~
[ 65%] Building CXX object CMakeFiles/cheddar.dir/src/extension/BootParameter.cpp.o
[ 69%] Building CXX object CMakeFiles/cheddar.dir/src/extension/EvalMod.cpp.o
In file included from /home/kataiwa/fhemamba/structural-four-20260925/cheddar-build/_deps/thrust-src/thrust/system/detail/sequential/copy.inl:26,
                 from /home/kataiwa/fhemamba/structural-four-20260925/cheddar-build/_deps/thrust-src/thrust/system/detail/sequential/copy.h:61,
                 from /home/kataiwa/fhemamba/structural-four-20260925/cheddar-build/_deps/thrust-src/thrust/system/detail/adl/copy.h:25,
                 from /home/kataiwa/fhemamba/structural-four-20260925/cheddar-build/_deps/thrust-src/thrust/detail/copy.inl:23,
                 from /home/kataiwa/fhemamba/structural-four-20260925/cheddar-build/_deps/thrust-src/thrust/detail/copy.h:90,
                 from /home/kataiwa/fhemamba/structural-four-20260925/cheddar-build/_deps/thrust-src/thrust/detail/allocator/copy_construct_range.inl:23,
                 from /home/kataiwa/fhemamba/structural-four-20260925/cheddar-build/_deps/thrust-src/thrust/detail/allocator/copy_construct_range.h:45,
                 from /home/kataiwa/fhemamba/structural-four-20260925/cheddar-build/_deps/thrust-src/thrust/detail/contiguous_storage.inl:23,
                 from /home/kataiwa/fhemamba/structural-four-20260925/cheddar-build/_deps/thrust-src/thrust/detail/contiguous_storage.h:234,
                 from /home/kataiwa/fhemamba/structural-four-20260925/cheddar-build/_deps/thrust-src/thrust/detail/vector_base.h:30,
                 from /home/kataiwa/fhemamba/structural-four-20260925/cheddar-build/_deps/thrust-src/thrust/host_vector.h:27,
                 from /home/kataiwa/fhemamba/structural-four-20260925/cheddar/include/core/DeviceVector.h:3,
                 from /home/kataiwa/fhemamba/structural-four-20260925/cheddar/include/core/Container.h:3,
                 from /home/kataiwa/fhemamba/structural-four-20260925/cheddar/include/core/Context.h:6,
                 from /home/kataiwa/fhemamba/structural-four-20260925/cheddar/include/extension/EvalMod.h:6,
                 from /home/kataiwa/fhemamba/structural-four-20260925/cheddar/src/extension/EvalMod.cpp:1:
/home/kataiwa/fhemamba/structural-four-20260925/cheddar-build/_deps/thrust-src/thrust/type_traits/is_trivially_relocatable.h:326:39: warning: ‘long4’ is deprecated: use long4_16a or long4_32a [-Wdeprecated-declarations]
  326 | THRUST_PROCLAIM_TRIVIALLY_RELOCATABLE(long4)
      |                                       ^~~~~
/home/kataiwa/fhemamba/structural-four-20260925/cheddar-build/_deps/thrust-src/thrust/type_traits/is_trivially_relocatable.h:229:41: note: in definition of macro ‘THRUST_PROCLAIM_TRIVIALLY_RELOCATABLE’
  229 |   struct proclaim_trivially_relocatable<T> : THRUST_NS_QUALIFIER::true_type   \
      |                                         ^
In file included from /usr/local/cuda-13.0/targets/sbsa-linux/include/driver_types.h:61,
                 from /usr/local/cuda-13.0/targets/sbsa-linux/include/builtin_types.h:59,
                 from /usr/local/cuda-13.0/targets/sbsa-linux/include/cuda_runtime_api.h:150,
                 from /home/kataiwa/fhemamba/structural-four-20260925/cheddar-build/_deps/thrust-src/thrust/system/cuda/detail/guarded_cuda_runtime_api.h:38,
                 from /home/kataiwa/fhemamba/structural-four-20260925/cheddar-build/_deps/thrust-src/thrust/type_traits/is_trivially_relocatable.h:297:
/usr/local/cuda-13.0/targets/sbsa-linux/include/vector_types.h:532:98: note: declared here
  532 | typedef __device_builtin__ struct long4 __VECTOR_TYPE_DEPRECATED__("use long4_16a or long4_32a") long4;
      |                                                                                                  ^~~~~
/home/kataiwa/fhemamba/structural-four-20260925/cheddar-build/_deps/thrust-src/thrust/type_traits/is_trivially_relocatable.h:330:39: warning: ‘ulong4’ is deprecated: use ulong4_16a or ulong4_32a [-Wdeprecated-declarations]
  330 | THRUST_PROCLAIM_TRIVIALLY_RELOCATABLE(ulong4)
      |                                       ^~~~~~
/home/kataiwa/fhemamba/structural-four-20260925/cheddar-build/_deps/thrust-src/thrust/type_traits/is_trivially_relocatable.h:229:41: note: in definition of macro ‘THRUST_PROCLAIM_TRIVIALLY_RELOCATABLE’
  229 |   struct proclaim_trivially_relocatable<T> : THRUST_NS_QUALIFIER::true_type   \
      |                                         ^
/usr/local/cuda-13.0/targets/sbsa-linux/include/vector_types.h:533:101: note: declared here
  533 | typedef __device_builtin__ struct ulong4 __VECTOR_TYPE_DEPRECATED__("use ulong4_16a or ulong4_32a") ulong4;
      |                                                                                                     ^~~~~~
/home/kataiwa/fhemamba/structural-four-20260925/cheddar-build/_deps/thrust-src/thrust/type_traits/is_trivially_relocatable.h:334:39: warning: ‘longlong4’ is deprecated: use longlong4_16a or longlong4_32a [-Wdeprecated-declarations]
  334 | THRUST_PROCLAIM_TRIVIALLY_RELOCATABLE(longlong4)
      |                                       ^~~~~~~~~
/home/kataiwa/fhemamba/structural-four-20260925/cheddar-build/_deps/thrust-src/thrust/type_traits/is_trivially_relocatable.h:229:41: note: in definition of macro ‘THRUST_PROCLAIM_TRIVIALLY_RELOCATABLE’
  229 |   struct proclaim_trivially_relocatable<T> : THRUST_NS_QUALIFIER::true_type   \
      |                                         ^
/usr/local/cuda-13.0/targets/sbsa-linux/include/vector_types.h:550:110: note: declared here
  550 | typedef __device_builtin__ struct longlong4 __VECTOR_TYPE_DEPRECATED__("use longlong4_16a or longlong4_32a") longlong4;
      |                                                                                                              ^~~~~~~~~
/home/kataiwa/fhemamba/structural-four-20260925/cheddar-build/_deps/thrust-src/thrust/type_traits/is_trivially_relocatable.h:338:39: warning: ‘ulonglong4’ is deprecated: use ulonglong4_16a or ulonglong4_32a [-Wdeprecated-declarations]
  338 | THRUST_PROCLAIM_TRIVIALLY_RELOCATABLE(ulonglong4)
      |                                       ^~~~~~~~~~
/home/kataiwa/fhemamba/structural-four-20260925/cheddar-build/_deps/thrust-src/thrust/type_traits/is_trivially_relocatable.h:229:41: note: in definition of macro ‘THRUST_PROCLAIM_TRIVIALLY_RELOCATABLE’
  229 |   struct proclaim_trivially_relocatable<T> : THRUST_NS_QUALIFIER::true_type   \
      |                                         ^
/usr/local/cuda-13.0/targets/sbsa-linux/include/vector_types.h:551:113: note: declared here
  551 | typedef __device_builtin__ struct ulonglong4 __VECTOR_TYPE_DEPRECATED__("use ulonglong4_16a or ulonglong4_32a") ulonglong4;
      |                                                                                                                 ^~~~~~~~~~
/home/kataiwa/fhemamba/structural-four-20260925/cheddar-build/_deps/thrust-src/thrust/type_traits/is_trivially_relocatable.h:353:39: warning: ‘double4’ is deprecated: use double4_16a or double4_32a [-Wdeprecated-declarations]
  353 | THRUST_PROCLAIM_TRIVIALLY_RELOCATABLE(double4)
      |                                       ^~~~~~~
/home/kataiwa/fhemamba/structural-four-20260925/cheddar-build/_deps/thrust-src/thrust/type_traits/is_trivially_relocatable.h:229:41: note: in definition of macro ‘THRUST_PROCLAIM_TRIVIALLY_RELOCATABLE’
  229 |   struct proclaim_trivially_relocatable<T> : THRUST_NS_QUALIFIER::true_type   \
      |                                         ^
/usr/local/cuda-13.0/targets/sbsa-linux/include/vector_types.h:561:104: note: declared here
  561 | typedef __device_builtin__ struct double4 __VECTOR_TYPE_DEPRECATED__("use double4_16a or double4_32a") double4;
      |                                                                                                        ^~~~~~~
/home/kataiwa/fhemamba/structural-four-20260925/cheddar-build/_deps/thrust-src/cub/block/../block/../util_type.cuh:380:31: warning: ‘long4’ is deprecated: use long4_16a or long4_32a [-Wdeprecated-declarations]
  380 | __CUB_ALIGN_BYTES(long4, 16)
      |                               ^    
In file included from /usr/local/cuda-13.0/targets/sbsa-linux/include/driver_types.h:61,
                 from /usr/local/cuda-13.0/targets/sbsa-linux/include/builtin_types.h:59,
                 from /usr/local/cuda-13.0/targets/sbsa-linux/include/crt/host_runtime.h:58,
                 from /usr/lib/gcc/aarch64-linux-gnu/13/include/stddef.h:218:
/usr/local/cuda-13.0/targets/sbsa-linux/include/vector_types.h:532:98: note: declared here
  532 | typedef __device_builtin__ struct long4 __VECTOR_TYPE_DEPRECATED__("use long4_16a or long4_32a") long4;
      |                                                                                                  ^~~~~
/home/kataiwa/fhemamba/structural-four-20260925/cheddar-build/_deps/thrust-src/cub/block/../block/../util_type.cuh:380:1: warning: ‘long4’ is deprecated: use long4_16a or long4_32a [-Wdeprecated-declarations]
  380 | __CUB_ALIGN_BYTES(long4, 16)
      | ^~~~
/usr/local/cuda-13.0/targets/sbsa-linux/include/vector_types.h:532:98: note: declared here
  532 | typedef __device_builtin__ struct long4 __VECTOR_TYPE_DEPRECATED__("use long4_16a or long4_32a") long4;
      |                                                                                                  ^~~~~
/home/kataiwa/fhemamba/structural-four-20260925/cheddar-build/_deps/thrust-src/cub/block/../block/../util_type.cuh:381:31: warning: ‘ulong4’ is deprecated: use ulong4_16a or ulong4_32a [-Wdeprecated-declarations]
  381 | __CUB_ALIGN_BYTES(ulong4, 16)
      |                               ^     
/usr/local/cuda-13.0/targets/sbsa-linux/include/vector_types.h:533:101: note: declared here
  533 | typedef __device_builtin__ struct ulong4 __VECTOR_TYPE_DEPRECATED__("use ulong4_16a or ulong4_32a") ulong4;
      |                                                                                                     ^~~~~~
/home/kataiwa/fhemamba/structural-four-20260925/cheddar-build/_deps/thrust-src/cub/block/../block/../util_type.cuh:381:1: warning: ‘ulong4’ is deprecated: use ulong4_16a or ulong4_32a [-Wdeprecated-declarations]
  381 | __CUB_ALIGN_BYTES(ulong4, 16)
      | ^~~~
/usr/local/cuda-13.0/targets/sbsa-linux/include/vector_types.h:533:101: note: declared here
  533 | typedef __device_builtin__ struct ulong4 __VECTOR_TYPE_DEPRECATED__("use ulong4_16a or ulong4_32a") ulong4;
      |                                                                                                     ^~~~~~
/home/kataiwa/fhemamba/structural-four-20260925/cheddar-build/_deps/thrust-src/cub/block/../block/../util_type.cuh:385:31: warning: ‘longlong4’ is deprecated: use longlong4_16a or longlong4_32a [-Wdeprecated-declarations]
  385 | __CUB_ALIGN_BYTES(longlong4, 16)
      |                               ^~       
/usr/local/cuda-13.0/targets/sbsa-linux/include/vector_types.h:550:110: note: declared here
  550 | typedef __device_builtin__ struct longlong4 __VECTOR_TYPE_DEPRECATED__("use longlong4_16a or longlong4_32a") longlong4;
      |                                                                                                              ^~~~~~~~~
/home/kataiwa/fhemamba/structural-four-20260925/cheddar-build/_deps/thrust-src/cub/block/../block/../util_type.cuh:385:1: warning: ‘longlong4’ is deprecated: use longlong4_16a or longlong4_32a [-Wdeprecated-declarations]
  385 | __CUB_ALIGN_BYTES(longlong4, 16)
      | ^~~~
/usr/local/cuda-13.0/targets/sbsa-linux/include/vector_types.h:550:110: note: declared here
  550 | typedef __device_builtin__ struct longlong4 __VECTOR_TYPE_DEPRECATED__("use longlong4_16a or longlong4_32a") longlong4;
      |                                                                                                              ^~~~~~~~~
/home/kataiwa/fhemamba/structural-four-20260925/cheddar-build/_deps/thrust-src/cub/block/../block/../util_type.cuh:386:31: warning: ‘ulonglong4’ is deprecated: use ulonglong4_16a or ulonglong4_32a [-Wdeprecated-declarations]
  386 | __CUB_ALIGN_BYTES(ulonglong4, 16)
      |                               ^~~       
/usr/local/cuda-13.0/targets/sbsa-linux/include/vector_types.h:551:113: note: declared here
  551 | typedef __device_builtin__ struct ulonglong4 __VECTOR_TYPE_DEPRECATED__("use ulonglong4_16a or ulonglong4_32a") ulonglong4;
      |                                                                                                                 ^~~~~~~~~~
/home/kataiwa/fhemamba/structural-four-20260925/cheddar-build/_deps/thrust-src/cub/block/../block/../util_type.cuh:386:1: warning: ‘ulonglong4’ is deprecated: use ulonglong4_16a or ulonglong4_32a [-Wdeprecated-declarations]
  386 | __CUB_ALIGN_BYTES(ulonglong4, 16)
      | ^~~~
/usr/local/cuda-13.0/targets/sbsa-linux/include/vector_types.h:551:113: note: declared here
  551 | typedef __device_builtin__ struct ulonglong4 __VECTOR_TYPE_DEPRECATED__("use ulonglong4_16a or ulonglong4_32a") ulonglong4;
      |                                                                                                                 ^~~~~~~~~~
/home/kataiwa/fhemamba/structural-four-20260925/cheddar-build/_deps/thrust-src/cub/block/../block/../util_type.cuh:387:31: warning: ‘double4’ is deprecated: use double4_16a or double4_32a [-Wdeprecated-declarations]
  387 | __CUB_ALIGN_BYTES(double4, 16)
      |                               ^      
/usr/local/cuda-13.0/targets/sbsa-linux/include/vector_types.h:561:104: note: declared here
  561 | typedef __device_builtin__ struct double4 __VECTOR_TYPE_DEPRECATED__("use double4_16a or double4_32a") double4;
      |                                                                                                        ^~~~~~~
/home/kataiwa/fhemamba/structural-four-20260925/cheddar-build/_deps/thrust-src/cub/block/../block/../util_type.cuh:387:1: warning: ‘double4’ is deprecated: use double4_16a or double4_32a [-Wdeprecated-declarations]
  387 | __CUB_ALIGN_BYTES(double4, 16)
      | ^~~~
/usr/local/cuda-13.0/targets/sbsa-linux/include/vector_types.h:561:104: note: declared here
  561 | typedef __device_builtin__ struct double4 __VECTOR_TYPE_DEPRECATED__("use double4_16a or double4_32a") double4;
      |                                                                                                        ^~~~~~~
/home/kataiwa/fhemamba/structural-four-20260925/cheddar-build/_deps/thrust-src/cub/block/../block/../util_type.cuh:657:332: warning: ‘long4’ is deprecated: use long4_16a or long4_32a [-Wdeprecated-declarations]
  657 | CUB_DEFINE_VECTOR_TYPE(long,               long)
      |                                                                                                                                                                                                                                                                                                                                            ^   
/usr/local/cuda-13.0/targets/sbsa-linux/include/vector_types.h:320:42: note: declared here
  320 | __device_builtin__ __builtin_align__(16) long4
      |                                          ^~~~~
/home/kataiwa/fhemamba/structural-four-20260925/cheddar-build/_deps/thrust-src/cub/block/../block/../util_type.cuh:657:332: warning: ‘long4’ is deprecated: use long4_16a or long4_32a [-Wdeprecated-declarations]
  657 | CUB_DEFINE_VECTOR_TYPE(long,               long)
      |                                                                                                                                                                                                                                                                                                                                            ^   
/usr/local/cuda-13.0/targets/sbsa-linux/include/vector_types.h:320:42: note: declared here
  320 | __device_builtin__ __builtin_align__(16) long4
      |                                          ^~~~~
/home/kataiwa/fhemamba/structural-four-20260925/cheddar-build/_deps/thrust-src/cub/block/../block/../util_type.cuh:658:360: warning: ‘longlong4’ is deprecated: use longlong4_16a or longlong4_32a [-Wdeprecated-declarations]
  658 | CUB_DEFINE_VECTOR_TYPE(long long,          longlong)
      |                                                                                                                                                                                                                                                                                                                                                                        ^   
/usr/local/cuda-13.0/targets/sbsa-linux/include/vector_types.h:426:42: note: declared here
  426 | __device_builtin__ __builtin_align__(16) longlong4
      |                                          ^~~~~~~~~
/home/kataiwa/fhemamba/structural-four-20260925/cheddar-build/_deps/thrust-src/cub/block/../block/../util_type.cuh:658:360: warning: ‘longlong4’ is deprecated: use longlong4_16a or longlong4_32a [-Wdeprecated-declarations]
  658 | CUB_DEFINE_VECTOR_TYPE(long long,          longlong)
      |                                                                                                                                                                                                                                                                                                                                                                        ^   
/usr/local/cuda-13.0/targets/sbsa-linux/include/vector_types.h:426:42: note: declared here
  426 | __device_builtin__ __builtin_align__(16) longlong4
      |                                          ^~~~~~~~~
/home/kataiwa/fhemamba/structural-four-20260925/cheddar-build/_deps/thrust-src/cub/block/../block/../util_type.cuh:662:370: warning: ‘ulong4’ is deprecated: use ulong4_16a or ulong4_32a [-Wdeprecated-declarations]
  662 | CUB_DEFINE_VECTOR_TYPE(unsigned long,      ulong)
      |                                                                                                                                                                                                                                                                                                                                                                                  ^   
/usr/local/cuda-13.0/targets/sbsa-linux/include/vector_types.h:326:42: note: declared here
  326 | __device_builtin__ __builtin_align__(16) ulong4
      |                                          ^~~~~~
/home/kataiwa/fhemamba/structural-four-20260925/cheddar-build/_deps/thrust-src/cub/block/../block/../util_type.cuh:662:370: warning: ‘ulong4’ is deprecated: use ulong4_16a or ulong4_32a [-Wdeprecated-declarations]
  662 | CUB_DEFINE_VECTOR_TYPE(unsigned long,      ulong)
      |                                                                                                                                                                                                                                                                                                                                                                                  ^   
/usr/local/cuda-13.0/targets/sbsa-linux/include/vector_types.h:326:42: note: declared here
  326 | __device_builtin__ __builtin_align__(16) ulong4
      |                                          ^~~~~~
/home/kataiwa/fhemamba/structural-four-20260925/cheddar-build/_deps/thrust-src/cub/block/../block/../util_type.cuh:663:398: warning: ‘ulonglong4’ is deprecated: use ulonglong4_16a or ulonglong4_32a [-Wdeprecated-declarations]
  663 | CUB_DEFINE_VECTOR_TYPE(unsigned long long, ulonglong)
      |                                                                                                                                                                                                                                                                                                                                                                                                              ^   
/usr/local/cuda-13.0/targets/sbsa-linux/include/vector_types.h:442:42: note: declared here
  442 | __device_builtin__ __builtin_align__(16) ulonglong4
      |                                          ^~~~~~~~~~
/home/kataiwa/fhemamba/structural-four-20260925/cheddar-build/_deps/thrust-src/cub/block/../block/../util_type.cuh:663:398: warning: ‘ulonglong4’ is deprecated: use ulonglong4_16a or ulonglong4_32a [-Wdeprecated-declarations]
  663 | CUB_DEFINE_VECTOR_TYPE(unsigned long long, ulonglong)
      |                                                                                                                                                                                                                                                                                                                                                                                                              ^   
/usr/local/cuda-13.0/targets/sbsa-linux/include/vector_types.h:442:42: note: declared here
  442 | __device_builtin__ __builtin_align__(16) ulonglong4
      |                                          ^~~~~~~~~~
/home/kataiwa/fhemamba/structural-four-20260925/cheddar-build/_deps/thrust-src/cub/block/../block/../util_type.cuh:665:344: warning: ‘double4’ is deprecated: use double4_16a or double4_32a [-Wdeprecated-declarations]
  665 | CUB_DEFINE_VECTOR_TYPE(double,             double)
      |                                                                                                                                                                                                                                                                                                                                                        ^   
/usr/local/cuda-13.0/targets/sbsa-linux/include/vector_types.h:474:42: note: declared here
  474 | __device_builtin__ __builtin_align__(16) double4
      |                                          ^~~~~~~
/home/kataiwa/fhemamba/structural-four-20260925/cheddar-build/_deps/thrust-src/cub/block/../block/../util_type.cuh:665:344: warning: ‘double4’ is deprecated: use double4_16a or double4_32a [-Wdeprecated-declarations]
  665 | CUB_DEFINE_VECTOR_TYPE(double,             double)
      |                                                                                                                                                                                                                                                                                                                                                        ^   
/usr/local/cuda-13.0/targets/sbsa-linux/include/vector_types.h:474:42: note: declared here
  474 | __device_builtin__ __builtin_align__(16) double4
      |                                          ^~~~~~~
/home/kataiwa/fhemamba/structural-four-20260925/cheddar-build/_deps/thrust-src/thrust/type_traits/is_trivially_relocatable.h:326:70: warning: ‘long4’ is deprecated: use long4_16a or long4_32a [-Wdeprecated-declarations]
  326 | THRUST_PROCLAIM_TRIVIALLY_RELOCATABLE(long4)
      |                                                                      ^    
/usr/local/cuda-13.0/targets/sbsa-linux/include/vector_types.h:532:98: note: declared here
  532 | typedef __device_builtin__ struct long4 __VECTOR_TYPE_DEPRECATED__("use long4_16a or long4_32a") long4;
      |                                                                                                  ^~~~~
/home/kataiwa/fhemamba/structural-four-20260925/cheddar-build/_deps/thrust-src/thrust/type_traits/is_trivially_relocatable.h:330:70: warning: ‘ulong4’ is deprecated: use ulong4_16a or ulong4_32a [-Wdeprecated-declarations]
  330 | THRUST_PROCLAIM_TRIVIALLY_RELOCATABLE(ulong4)
      |                                                                      ^     
/usr/local/cuda-13.0/targets/sbsa-linux/include/vector_types.h:533:101: note: declared here
  533 | typedef __device_builtin__ struct ulong4 __VECTOR_TYPE_DEPRECATED__("use ulong4_16a or ulong4_32a") ulong4;
      |                                                                                                     ^~~~~~
/home/kataiwa/fhemamba/structural-four-20260925/cheddar-build/_deps/thrust-src/thrust/type_traits/is_trivially_relocatable.h:334:70: warning: ‘longlong4’ is deprecated: use longlong4_16a or longlong4_32a [-Wdeprecated-declarations]
  334 | THRUST_PROCLAIM_TRIVIALLY_RELOCATABLE(longlong4)
      |                                                                      ^        
/usr/local/cuda-13.0/targets/sbsa-linux/include/vector_types.h:550:110: note: declared here
  550 | typedef __device_builtin__ struct longlong4 __VECTOR_TYPE_DEPRECATED__("use longlong4_16a or longlong4_32a") longlong4;
      |                                                                                                              ^~~~~~~~~
/home/kataiwa/fhemamba/structural-four-20260925/cheddar-build/_deps/thrust-src/thrust/type_traits/is_trivially_relocatable.h:338:70: warning: ‘ulonglong4’ is deprecated: use ulonglong4_16a or ulonglong4_32a [-Wdeprecated-declarations]
  338 | THRUST_PROCLAIM_TRIVIALLY_RELOCATABLE(ulonglong4)
      |                                                                      ^         
/usr/local/cuda-13.0/targets/sbsa-linux/include/vector_types.h:551:113: note: declared here
  551 | typedef __device_builtin__ struct ulonglong4 __VECTOR_TYPE_DEPRECATED__("use ulonglong4_16a or ulonglong4_32a") ulonglong4;
      |                                                                                                                 ^~~~~~~~~~
/home/kataiwa/fhemamba/structural-four-20260925/cheddar-build/_deps/thrust-src/thrust/type_traits/is_trivially_relocatable.h:353:70: warning: ‘double4’ is deprecated: use double4_16a or double4_32a [-Wdeprecated-declarations]
  353 | THRUST_PROCLAIM_TRIVIALLY_RELOCATABLE(double4)
      |                                                                      ^      
/usr/local/cuda-13.0/targets/sbsa-linux/include/vector_types.h:561:104: note: declared here
  561 | typedef __device_builtin__ struct double4 __VECTOR_TYPE_DEPRECATED__("use double4_16a or double4_32a") double4;
      |                                                                                                        ^~~~~~~
[ 73%] Building CXX object CMakeFiles/cheddar.dir/src/extension/EvalPoly.cpp.o
In file included from /home/kataiwa/fhemamba/structural-four-20260925/cheddar-build/_deps/thrust-src/thrust/system/detail/sequential/copy.inl:26,
                 from /home/kataiwa/fhemamba/structural-four-20260925/cheddar-build/_deps/thrust-src/thrust/system/detail/sequential/copy.h:61,
                 from /home/kataiwa/fhemamba/structural-four-20260925/cheddar-build/_deps/thrust-src/thrust/system/detail/adl/copy.h:25,
                 from /home/kataiwa/fhemamba/structural-four-20260925/cheddar-build/_deps/thrust-src/thrust/detail/copy.inl:23,
                 from /home/kataiwa/fhemamba/structural-four-20260925/cheddar-build/_deps/thrust-src/thrust/detail/copy.h:90,
                 from /home/kataiwa/fhemamba/structural-four-20260925/cheddar-build/_deps/thrust-src/thrust/detail/allocator/copy_construct_range.inl:23,
                 from /home/kataiwa/fhemamba/structural-four-20260925/cheddar-build/_deps/thrust-src/thrust/detail/allocator/copy_construct_range.h:45,
                 from /home/kataiwa/fhemamba/structural-four-20260925/cheddar-build/_deps/thrust-src/thrust/detail/contiguous_storage.inl:23,
                 from /home/kataiwa/fhemamba/structural-four-20260925/cheddar-build/_deps/thrust-src/thrust/detail/contiguous_storage.h:234,
                 from /home/kataiwa/fhemamba/structural-four-20260925/cheddar-build/_deps/thrust-src/thrust/detail/vector_base.h:30,
                 from /home/kataiwa/fhemamba/structural-four-20260925/cheddar-build/_deps/thrust-src/thrust/host_vector.h:27,
                 from /home/kataiwa/fhemamba/structural-four-20260925/cheddar/include/core/DeviceVector.h:3,
                 from /home/kataiwa/fhemamba/structural-four-20260925/cheddar/include/core/Container.h:3,
                 from /home/kataiwa/fhemamba/structural-four-20260925/cheddar/include/core/Context.h:6,
                 from /home/kataiwa/fhemamba/structural-four-20260925/cheddar/include/extension/EvalPoly.h:11,
                 from /home/kataiwa/fhemamba/structural-four-20260925/cheddar/src/extension/EvalPoly.cpp:1:
/home/kataiwa/fhemamba/structural-four-20260925/cheddar-build/_deps/thrust-src/thrust/type_traits/is_trivially_relocatable.h:326:39: warning: ‘long4’ is deprecated: use long4_16a or long4_32a [-Wdeprecated-declarations]
  326 | THRUST_PROCLAIM_TRIVIALLY_RELOCATABLE(long4)
      |                                       ^~~~~
/home/kataiwa/fhemamba/structural-four-20260925/cheddar-build/_deps/thrust-src/thrust/type_traits/is_trivially_relocatable.h:229:41: note: in definition of macro ‘THRUST_PROCLAIM_TRIVIALLY_RELOCATABLE’
  229 |   struct proclaim_trivially_relocatable<T> : THRUST_NS_QUALIFIER::true_type   \
      |                                         ^
In file included from /usr/local/cuda-13.0/targets/sbsa-linux/include/driver_types.h:61,
                 from /usr/local/cuda-13.0/targets/sbsa-linux/include/builtin_types.h:59,
                 from /usr/local/cuda-13.0/targets/sbsa-linux/include/cuda_runtime_api.h:150,
                 from /home/kataiwa/fhemamba/structural-four-20260925/cheddar-build/_deps/thrust-src/thrust/system/cuda/detail/guarded_cuda_runtime_api.h:38,
                 from /home/kataiwa/fhemamba/structural-four-20260925/cheddar-build/_deps/thrust-src/thrust/type_traits/is_trivially_relocatable.h:297:
/usr/local/cuda-13.0/targets/sbsa-linux/include/vector_types.h:532:98: note: declared here
  532 | typedef __device_builtin__ struct long4 __VECTOR_TYPE_DEPRECATED__("use long4_16a or long4_32a") long4;
      |                                                                                                  ^~~~~
/home/kataiwa/fhemamba/structural-four-20260925/cheddar-build/_deps/thrust-src/thrust/type_traits/is_trivially_relocatable.h:330:39: warning: ‘ulong4’ is deprecated: use ulong4_16a or ulong4_32a [-Wdeprecated-declarations]
  330 | THRUST_PROCLAIM_TRIVIALLY_RELOCATABLE(ulong4)
      |                                       ^~~~~~
/home/kataiwa/fhemamba/structural-four-20260925/cheddar-build/_deps/thrust-src/thrust/type_traits/is_trivially_relocatable.h:229:41: note: in definition of macro ‘THRUST_PROCLAIM_TRIVIALLY_RELOCATABLE’
  229 |   struct proclaim_trivially_relocatable<T> : THRUST_NS_QUALIFIER::true_type   \
      |                                         ^
/usr/local/cuda-13.0/targets/sbsa-linux/include/vector_types.h:533:101: note: declared here
  533 | typedef __device_builtin__ struct ulong4 __VECTOR_TYPE_DEPRECATED__("use ulong4_16a or ulong4_32a") ulong4;
      |                                                                                                     ^~~~~~
/home/kataiwa/fhemamba/structural-four-20260925/cheddar-build/_deps/thrust-src/thrust/type_traits/is_trivially_relocatable.h:334:39: warning: ‘longlong4’ is deprecated: use longlong4_16a or longlong4_32a [-Wdeprecated-declarations]
  334 | THRUST_PROCLAIM_TRIVIALLY_RELOCATABLE(longlong4)
      |                                       ^~~~~~~~~
/home/kataiwa/fhemamba/structural-four-20260925/cheddar-build/_deps/thrust-src/thrust/type_traits/is_trivially_relocatable.h:229:41: note: in definition of macro ‘THRUST_PROCLAIM_TRIVIALLY_RELOCATABLE’
  229 |   struct proclaim_trivially_relocatable<T> : THRUST_NS_QUALIFIER::true_type   \
      |                                         ^
/usr/local/cuda-13.0/targets/sbsa-linux/include/vector_types.h:550:110: note: declared here
  550 | typedef __device_builtin__ struct longlong4 __VECTOR_TYPE_DEPRECATED__("use longlong4_16a or longlong4_32a") longlong4;
      |                                                                                                              ^~~~~~~~~
/home/kataiwa/fhemamba/structural-four-20260925/cheddar-build/_deps/thrust-src/thrust/type_traits/is_trivially_relocatable.h:338:39: warning: ‘ulonglong4’ is deprecated: use ulonglong4_16a or ulonglong4_32a [-Wdeprecated-declarations]
  338 | THRUST_PROCLAIM_TRIVIALLY_RELOCATABLE(ulonglong4)
      |                                       ^~~~~~~~~~
/home/kataiwa/fhemamba/structural-four-20260925/cheddar-build/_deps/thrust-src/thrust/type_traits/is_trivially_relocatable.h:229:41: note: in definition of macro ‘THRUST_PROCLAIM_TRIVIALLY_RELOCATABLE’
  229 |   struct proclaim_trivially_relocatable<T> : THRUST_NS_QUALIFIER::true_type   \
      |                                         ^
/usr/local/cuda-13.0/targets/sbsa-linux/include/vector_types.h:551:113: note: declared here
  551 | typedef __device_builtin__ struct ulonglong4 __VECTOR_TYPE_DEPRECATED__("use ulonglong4_16a or ulonglong4_32a") ulonglong4;
      |                                                                                                                 ^~~~~~~~~~
/home/kataiwa/fhemamba/structural-four-20260925/cheddar-build/_deps/thrust-src/thrust/type_traits/is_trivially_relocatable.h:353:39: warning: ‘double4’ is deprecated: use double4_16a or double4_32a [-Wdeprecated-declarations]
  353 | THRUST_PROCLAIM_TRIVIALLY_RELOCATABLE(double4)
      |                                       ^~~~~~~
/home/kataiwa/fhemamba/structural-four-20260925/cheddar-build/_deps/thrust-src/thrust/type_traits/is_trivially_relocatable.h:229:41: note: in definition of macro ‘THRUST_PROCLAIM_TRIVIALLY_RELOCATABLE’
  229 |   struct proclaim_trivially_relocatable<T> : THRUST_NS_QUALIFIER::true_type   \
      |                                         ^
/usr/local/cuda-13.0/targets/sbsa-linux/include/vector_types.h:561:104: note: declared here
  561 | typedef __device_builtin__ struct double4 __VECTOR_TYPE_DEPRECATED__("use double4_16a or double4_32a") double4;
      |                                                                                                        ^~~~~~~
[ 76%] Building CXX object CMakeFiles/cheddar.dir/src/extension/EvalSpecialFFT.cpp.o
In file included from /home/kataiwa/fhemamba/structural-four-20260925/cheddar-build/_deps/thrust-src/thrust/system/detail/sequential/copy.inl:26,
                 from /home/kataiwa/fhemamba/structural-four-20260925/cheddar-build/_deps/thrust-src/thrust/system/detail/sequential/copy.h:61,
                 from /home/kataiwa/fhemamba/structural-four-20260925/cheddar-build/_deps/thrust-src/thrust/system/detail/adl/copy.h:25,
                 from /home/kataiwa/fhemamba/structural-four-20260925/cheddar-build/_deps/thrust-src/thrust/detail/copy.inl:23,
                 from /home/kataiwa/fhemamba/structural-four-20260925/cheddar-build/_deps/thrust-src/thrust/detail/copy.h:90,
                 from /home/kataiwa/fhemamba/structural-four-20260925/cheddar-build/_deps/thrust-src/thrust/detail/allocator/copy_construct_range.inl:23,
                 from /home/kataiwa/fhemamba/structural-four-20260925/cheddar-build/_deps/thrust-src/thrust/detail/allocator/copy_construct_range.h:45,
                 from /home/kataiwa/fhemamba/structural-four-20260925/cheddar-build/_deps/thrust-src/thrust/detail/contiguous_storage.inl:23,
                 from /home/kataiwa/fhemamba/structural-four-20260925/cheddar-build/_deps/thrust-src/thrust/detail/contiguous_storage.h:234,
                 from /home/kataiwa/fhemamba/structural-four-20260925/cheddar-build/_deps/thrust-src/thrust/detail/vector_base.h:30,
                 from /home/kataiwa/fhemamba/structural-four-20260925/cheddar-build/_deps/thrust-src/thrust/host_vector.h:27,
                 from /home/kataiwa/fhemamba/structural-four-20260925/cheddar/include/core/DeviceVector.h:3,
                 from /home/kataiwa/fhemamba/structural-four-20260925/cheddar/include/core/Container.h:3,
                 from /home/kataiwa/fhemamba/structural-four-20260925/cheddar/include/core/Context.h:6,
                 from /home/kataiwa/fhemamba/structural-four-20260925/cheddar/include/extension/EvalSpecialFFT.h:3,
                 from /home/kataiwa/fhemamba/structural-four-20260925/cheddar/src/extension/EvalSpecialFFT.cpp:1:
/home/kataiwa/fhemamba/structural-four-20260925/cheddar-build/_deps/thrust-src/thrust/type_traits/is_trivially_relocatable.h:326:39: warning: ‘long4’ is deprecated: use long4_16a or long4_32a [-Wdeprecated-declarations]
  326 | THRUST_PROCLAIM_TRIVIALLY_RELOCATABLE(long4)
      |                                       ^~~~~
/home/kataiwa/fhemamba/structural-four-20260925/cheddar-build/_deps/thrust-src/thrust/type_traits/is_trivially_relocatable.h:229:41: note: in definition of macro ‘THRUST_PROCLAIM_TRIVIALLY_RELOCATABLE’
  229 |   struct proclaim_trivially_relocatable<T> : THRUST_NS_QUALIFIER::true_type   \
      |                                         ^
In file included from /usr/local/cuda-13.0/targets/sbsa-linux/include/driver_types.h:61,
                 from /usr/local/cuda-13.0/targets/sbsa-linux/include/builtin_types.h:59,
                 from /usr/local/cuda-13.0/targets/sbsa-linux/include/cuda_runtime_api.h:150,
                 from /home/kataiwa/fhemamba/structural-four-20260925/cheddar-build/_deps/thrust-src/thrust/system/cuda/detail/guarded_cuda_runtime_api.h:38,
                 from /home/kataiwa/fhemamba/structural-four-20260925/cheddar-build/_deps/thrust-src/thrust/type_traits/is_trivially_relocatable.h:297:
/usr/local/cuda-13.0/targets/sbsa-linux/include/vector_types.h:532:98: note: declared here
  532 | typedef __device_builtin__ struct long4 __VECTOR_TYPE_DEPRECATED__("use long4_16a or long4_32a") long4;
      |                                                                                                  ^~~~~
/home/kataiwa/fhemamba/structural-four-20260925/cheddar-build/_deps/thrust-src/thrust/type_traits/is_trivially_relocatable.h:330:39: warning: ‘ulong4’ is deprecated: use ulong4_16a or ulong4_32a [-Wdeprecated-declarations]
  330 | THRUST_PROCLAIM_TRIVIALLY_RELOCATABLE(ulong4)
      |                                       ^~~~~~
/home/kataiwa/fhemamba/structural-four-20260925/cheddar-build/_deps/thrust-src/thrust/type_traits/is_trivially_relocatable.h:229:41: note: in definition of macro ‘THRUST_PROCLAIM_TRIVIALLY_RELOCATABLE’
  229 |   struct proclaim_trivially_relocatable<T> : THRUST_NS_QUALIFIER::true_type   \
      |                                         ^
/usr/local/cuda-13.0/targets/sbsa-linux/include/vector_types.h:533:101: note: declared here
  533 | typedef __device_builtin__ struct ulong4 __VECTOR_TYPE_DEPRECATED__("use ulong4_16a or ulong4_32a") ulong4;
      |                                                                                                     ^~~~~~
/home/kataiwa/fhemamba/structural-four-20260925/cheddar-build/_deps/thrust-src/thrust/type_traits/is_trivially_relocatable.h:334:39: warning: ‘longlong4’ is deprecated: use longlong4_16a or longlong4_32a [-Wdeprecated-declarations]
  334 | THRUST_PROCLAIM_TRIVIALLY_RELOCATABLE(longlong4)
      |                                       ^~~~~~~~~
/home/kataiwa/fhemamba/structural-four-20260925/cheddar-build/_deps/thrust-src/thrust/type_traits/is_trivially_relocatable.h:229:41: note: in definition of macro ‘THRUST_PROCLAIM_TRIVIALLY_RELOCATABLE’
  229 |   struct proclaim_trivially_relocatable<T> : THRUST_NS_QUALIFIER::true_type   \
      |                                         ^
/usr/local/cuda-13.0/targets/sbsa-linux/include/vector_types.h:550:110: note: declared here
  550 | typedef __device_builtin__ struct longlong4 __VECTOR_TYPE_DEPRECATED__("use longlong4_16a or longlong4_32a") longlong4;
      |                                                                                                              ^~~~~~~~~
/home/kataiwa/fhemamba/structural-four-20260925/cheddar-build/_deps/thrust-src/thrust/type_traits/is_trivially_relocatable.h:338:39: warning: ‘ulonglong4’ is deprecated: use ulonglong4_16a or ulonglong4_32a [-Wdeprecated-declarations]
  338 | THRUST_PROCLAIM_TRIVIALLY_RELOCATABLE(ulonglong4)
      |                                       ^~~~~~~~~~
/home/kataiwa/fhemamba/structural-four-20260925/cheddar-build/_deps/thrust-src/thrust/type_traits/is_trivially_relocatable.h:229:41: note: in definition of macro ‘THRUST_PROCLAIM_TRIVIALLY_RELOCATABLE’
  229 |   struct proclaim_trivially_relocatable<T> : THRUST_NS_QUALIFIER::true_type   \
      |                                         ^
/usr/local/cuda-13.0/targets/sbsa-linux/include/vector_types.h:551:113: note: declared here
  551 | typedef __device_builtin__ struct ulonglong4 __VECTOR_TYPE_DEPRECATED__("use ulonglong4_16a or ulonglong4_32a") ulonglong4;
      |                                                                                                                 ^~~~~~~~~~
/home/kataiwa/fhemamba/structural-four-20260925/cheddar-build/_deps/thrust-src/thrust/type_traits/is_trivially_relocatable.h:353:39: warning: ‘double4’ is deprecated: use double4_16a or double4_32a [-Wdeprecated-declarations]
  353 | THRUST_PROCLAIM_TRIVIALLY_RELOCATABLE(double4)
      |                                       ^~~~~~~
/home/kataiwa/fhemamba/structural-four-20260925/cheddar-build/_deps/thrust-src/thrust/type_traits/is_trivially_relocatable.h:229:41: note: in definition of macro ‘THRUST_PROCLAIM_TRIVIALLY_RELOCATABLE’
  229 |   struct proclaim_trivially_relocatable<T> : THRUST_NS_QUALIFIER::true_type   \
      |                                         ^
/usr/local/cuda-13.0/targets/sbsa-linux/include/vector_types.h:561:104: note: declared here
  561 | typedef __device_builtin__ struct double4 __VECTOR_TYPE_DEPRECATED__("use double4_16a or double4_32a") double4;
      |                                                                                                        ^~~~~~~
[ 80%] Building CUDA object CMakeFiles/cheddar.dir/src/extension/Hoist.cu.o
[ 84%] Building CXX object CMakeFiles/cheddar.dir/src/extension/LinearTransform.cpp.o
/home/kataiwa/fhemamba/structural-four-20260925/cheddar-build/_deps/thrust-src/cub/block/../block/../util_type.cuh:380:31: warning: ‘long4’ is deprecated: use long4_16a or long4_32a [-Wdeprecated-declarations]
  380 | __CUB_ALIGN_BYTES(long4, 16)
      |                               ^    
In file included from /usr/local/cuda-13.0/targets/sbsa-linux/include/driver_types.h:61,
                 from /usr/local/cuda-13.0/targets/sbsa-linux/include/builtin_types.h:59,
                 from /usr/local/cuda-13.0/targets/sbsa-linux/include/crt/host_runtime.h:58,
                 from /usr/lib/gcc/aarch64-linux-gnu/13/include/stddef.h:218:
/usr/local/cuda-13.0/targets/sbsa-linux/include/vector_types.h:532:98: note: declared here
  532 | typedef __device_builtin__ struct long4 __VECTOR_TYPE_DEPRECATED__("use long4_16a or long4_32a") long4;
      |                                                                                                  ^~~~~
/home/kataiwa/fhemamba/structural-four-20260925/cheddar-build/_deps/thrust-src/cub/block/../block/../util_type.cuh:380:1: warning: ‘long4’ is deprecated: use long4_16a or long4_32a [-Wdeprecated-declarations]
  380 | __CUB_ALIGN_BYTES(long4, 16)
      | ^~~~
/usr/local/cuda-13.0/targets/sbsa-linux/include/vector_types.h:532:98: note: declared here
  532 | typedef __device_builtin__ struct long4 __VECTOR_TYPE_DEPRECATED__("use long4_16a or long4_32a") long4;
      |                                                                                                  ^~~~~
/home/kataiwa/fhemamba/structural-four-20260925/cheddar-build/_deps/thrust-src/cub/block/../block/../util_type.cuh:381:31: warning: ‘ulong4’ is deprecated: use ulong4_16a or ulong4_32a [-Wdeprecated-declarations]
  381 | __CUB_ALIGN_BYTES(ulong4, 16)
      |                               ^     
/usr/local/cuda-13.0/targets/sbsa-linux/include/vector_types.h:533:101: note: declared here
  533 | typedef __device_builtin__ struct ulong4 __VECTOR_TYPE_DEPRECATED__("use ulong4_16a or ulong4_32a") ulong4;
      |                                                                                                     ^~~~~~
/home/kataiwa/fhemamba/structural-four-20260925/cheddar-build/_deps/thrust-src/cub/block/../block/../util_type.cuh:381:1: warning: ‘ulong4’ is deprecated: use ulong4_16a or ulong4_32a [-Wdeprecated-declarations]
  381 | __CUB_ALIGN_BYTES(ulong4, 16)
      | ^~~~
/usr/local/cuda-13.0/targets/sbsa-linux/include/vector_types.h:533:101: note: declared here
  533 | typedef __device_builtin__ struct ulong4 __VECTOR_TYPE_DEPRECATED__("use ulong4_16a or ulong4_32a") ulong4;
      |                                                                                                     ^~~~~~
/home/kataiwa/fhemamba/structural-four-20260925/cheddar-build/_deps/thrust-src/cub/block/../block/../util_type.cuh:385:31: warning: ‘longlong4’ is deprecated: use longlong4_16a or longlong4_32a [-Wdeprecated-declarations]
  385 | __CUB_ALIGN_BYTES(longlong4, 16)
      |                               ^~       
/usr/local/cuda-13.0/targets/sbsa-linux/include/vector_types.h:550:110: note: declared here
  550 | typedef __device_builtin__ struct longlong4 __VECTOR_TYPE_DEPRECATED__("use longlong4_16a or longlong4_32a") longlong4;
      |                                                                                                              ^~~~~~~~~
/home/kataiwa/fhemamba/structural-four-20260925/cheddar-build/_deps/thrust-src/cub/block/../block/../util_type.cuh:385:1: warning: ‘longlong4’ is deprecated: use longlong4_16a or longlong4_32a [-Wdeprecated-declarations]
  385 | __CUB_ALIGN_BYTES(longlong4, 16)
      | ^~~~
/usr/local/cuda-13.0/targets/sbsa-linux/include/vector_types.h:550:110: note: declared here
  550 | typedef __device_builtin__ struct longlong4 __VECTOR_TYPE_DEPRECATED__("use longlong4_16a or longlong4_32a") longlong4;
      |                                                                                                              ^~~~~~~~~
/home/kataiwa/fhemamba/structural-four-20260925/cheddar-build/_deps/thrust-src/cub/block/../block/../util_type.cuh:386:31: warning: ‘ulonglong4’ is deprecated: use ulonglong4_16a or ulonglong4_32a [-Wdeprecated-declarations]
  386 | __CUB_ALIGN_BYTES(ulonglong4, 16)
      |                               ^~~       
/usr/local/cuda-13.0/targets/sbsa-linux/include/vector_types.h:551:113: note: declared here
  551 | typedef __device_builtin__ struct ulonglong4 __VECTOR_TYPE_DEPRECATED__("use ulonglong4_16a or ulonglong4_32a") ulonglong4;
      |                                                                                                                 ^~~~~~~~~~
/home/kataiwa/fhemamba/structural-four-20260925/cheddar-build/_deps/thrust-src/cub/block/../block/../util_type.cuh:386:1: warning: ‘ulonglong4’ is deprecated: use ulonglong4_16a or ulonglong4_32a [-Wdeprecated-declarations]
  386 | __CUB_ALIGN_BYTES(ulonglong4, 16)
      | ^~~~
/usr/local/cuda-13.0/targets/sbsa-linux/include/vector_types.h:551:113: note: declared here
  551 | typedef __device_builtin__ struct ulonglong4 __VECTOR_TYPE_DEPRECATED__("use ulonglong4_16a or ulonglong4_32a") ulonglong4;
      |                                                                                                                 ^~~~~~~~~~
/home/kataiwa/fhemamba/structural-four-20260925/cheddar-build/_deps/thrust-src/cub/block/../block/../util_type.cuh:387:31: warning: ‘double4’ is deprecated: use double4_16a or double4_32a [-Wdeprecated-declarations]
  387 | __CUB_ALIGN_BYTES(double4, 16)
      |                               ^      
/usr/local/cuda-13.0/targets/sbsa-linux/include/vector_types.h:561:104: note: declared here
  561 | typedef __device_builtin__ struct double4 __VECTOR_TYPE_DEPRECATED__("use double4_16a or double4_32a") double4;
      |                                                                                                        ^~~~~~~
/home/kataiwa/fhemamba/structural-four-20260925/cheddar-build/_deps/thrust-src/cub/block/../block/../util_type.cuh:387:1: warning: ‘double4’ is deprecated: use double4_16a or double4_32a [-Wdeprecated-declarations]
  387 | __CUB_ALIGN_BYTES(double4, 16)
      | ^~~~
/usr/local/cuda-13.0/targets/sbsa-linux/include/vector_types.h:561:104: note: declared here
  561 | typedef __device_builtin__ struct double4 __VECTOR_TYPE_DEPRECATED__("use double4_16a or double4_32a") double4;
      |                                                                                                        ^~~~~~~
/home/kataiwa/fhemamba/structural-four-20260925/cheddar-build/_deps/thrust-src/cub/block/../block/../util_type.cuh:657:332: warning: ‘long4’ is deprecated: use long4_16a or long4_32a [-Wdeprecated-declarations]
  657 | CUB_DEFINE_VECTOR_TYPE(long,               long)
      |                                                                                                                                                                                                                                                                                                                                            ^   
/usr/local/cuda-13.0/targets/sbsa-linux/include/vector_types.h:320:42: note: declared here
  320 | __device_builtin__ __builtin_align__(16) long4
      |                                          ^~~~~
/home/kataiwa/fhemamba/structural-four-20260925/cheddar-build/_deps/thrust-src/cub/block/../block/../util_type.cuh:657:332: warning: ‘long4’ is deprecated: use long4_16a or long4_32a [-Wdeprecated-declarations]
  657 | CUB_DEFINE_VECTOR_TYPE(long,               long)
      |                                                                                                                                                                                                                                                                                                                                            ^   
/usr/local/cuda-13.0/targets/sbsa-linux/include/vector_types.h:320:42: note: declared here
  320 | __device_builtin__ __builtin_align__(16) long4
      |                                          ^~~~~
/home/kataiwa/fhemamba/structural-four-20260925/cheddar-build/_deps/thrust-src/cub/block/../block/../util_type.cuh:658:360: warning: ‘longlong4’ is deprecated: use longlong4_16a or longlong4_32a [-Wdeprecated-declarations]
  658 | CUB_DEFINE_VECTOR_TYPE(long long,          longlong)
      |                                                                                                                                                                                                                                                                                                                                                                        ^   
/usr/local/cuda-13.0/targets/sbsa-linux/include/vector_types.h:426:42: note: declared here
  426 | __device_builtin__ __builtin_align__(16) longlong4
      |                                          ^~~~~~~~~
/home/kataiwa/fhemamba/structural-four-20260925/cheddar-build/_deps/thrust-src/cub/block/../block/../util_type.cuh:658:360: warning: ‘longlong4’ is deprecated: use longlong4_16a or longlong4_32a [-Wdeprecated-declarations]
  658 | CUB_DEFINE_VECTOR_TYPE(long long,          longlong)
      |                                                                                                                                                                                                                                                                                                                                                                        ^   
/usr/local/cuda-13.0/targets/sbsa-linux/include/vector_types.h:426:42: note: declared here
  426 | __device_builtin__ __builtin_align__(16) longlong4
      |                                          ^~~~~~~~~
/home/kataiwa/fhemamba/structural-four-20260925/cheddar-build/_deps/thrust-src/cub/block/../block/../util_type.cuh:662:370: warning: ‘ulong4’ is deprecated: use ulong4_16a or ulong4_32a [-Wdeprecated-declarations]
  662 | CUB_DEFINE_VECTOR_TYPE(unsigned long,      ulong)
      |                                                                                                                                                                                                                                                                                                                                                                                  ^   
/usr/local/cuda-13.0/targets/sbsa-linux/include/vector_types.h:326:42: note: declared here
  326 | __device_builtin__ __builtin_align__(16) ulong4
      |                                          ^~~~~~
/home/kataiwa/fhemamba/structural-four-20260925/cheddar-build/_deps/thrust-src/cub/block/../block/../util_type.cuh:662:370: warning: ‘ulong4’ is deprecated: use ulong4_16a or ulong4_32a [-Wdeprecated-declarations]
  662 | CUB_DEFINE_VECTOR_TYPE(unsigned long,      ulong)
      |                                                                                                                                                                                                                                                                                                                                                                                  ^   
/usr/local/cuda-13.0/targets/sbsa-linux/include/vector_types.h:326:42: note: declared here
  326 | __device_builtin__ __builtin_align__(16) ulong4
      |                                          ^~~~~~
/home/kataiwa/fhemamba/structural-four-20260925/cheddar-build/_deps/thrust-src/cub/block/../block/../util_type.cuh:663:398: warning: ‘ulonglong4’ is deprecated: use ulonglong4_16a or ulonglong4_32a [-Wdeprecated-declarations]
  663 | CUB_DEFINE_VECTOR_TYPE(unsigned long long, ulonglong)
      |                                                                                                                                                                                                                                                                                                                                                                                                              ^   
/usr/local/cuda-13.0/targets/sbsa-linux/include/vector_types.h:442:42: note: declared here
  442 | __device_builtin__ __builtin_align__(16) ulonglong4
      |                                          ^~~~~~~~~~
/home/kataiwa/fhemamba/structural-four-20260925/cheddar-build/_deps/thrust-src/cub/block/../block/../util_type.cuh:663:398: warning: ‘ulonglong4’ is deprecated: use ulonglong4_16a or ulonglong4_32a [-Wdeprecated-declarations]
  663 | CUB_DEFINE_VECTOR_TYPE(unsigned long long, ulonglong)
      |                                                                                                                                                                                                                                                                                                                                                                                                              ^   
/usr/local/cuda-13.0/targets/sbsa-linux/include/vector_types.h:442:42: note: declared here
  442 | __device_builtin__ __builtin_align__(16) ulonglong4
      |                                          ^~~~~~~~~~
/home/kataiwa/fhemamba/structural-four-20260925/cheddar-build/_deps/thrust-src/cub/block/../block/../util_type.cuh:665:344: warning: ‘double4’ is deprecated: use double4_16a or double4_32a [-Wdeprecated-declarations]
  665 | CUB_DEFINE_VECTOR_TYPE(double,             double)
      |                                                                                                                                                                                                                                                                                                                                                        ^   
/usr/local/cuda-13.0/targets/sbsa-linux/include/vector_types.h:474:42: note: declared here
  474 | __device_builtin__ __builtin_align__(16) double4
      |                                          ^~~~~~~
/home/kataiwa/fhemamba/structural-four-20260925/cheddar-build/_deps/thrust-src/cub/block/../block/../util_type.cuh:665:344: warning: ‘double4’ is deprecated: use double4_16a or double4_32a [-Wdeprecated-declarations]
  665 | CUB_DEFINE_VECTOR_TYPE(double,             double)
      |                                                                                                                                                                                                                                                                                                                                                        ^   
/usr/local/cuda-13.0/targets/sbsa-linux/include/vector_types.h:474:42: note: declared here
  474 | __device_builtin__ __builtin_align__(16) double4
      |                                          ^~~~~~~
/home/kataiwa/fhemamba/structural-four-20260925/cheddar-build/_deps/thrust-src/thrust/type_traits/is_trivially_relocatable.h:326:70: warning: ‘long4’ is deprecated: use long4_16a or long4_32a [-Wdeprecated-declarations]
  326 | THRUST_PROCLAIM_TRIVIALLY_RELOCATABLE(long4)
      |                                                                      ^    
/usr/local/cuda-13.0/targets/sbsa-linux/include/vector_types.h:532:98: note: declared here
  532 | typedef __device_builtin__ struct long4 __VECTOR_TYPE_DEPRECATED__("use long4_16a or long4_32a") long4;
      |                                                                                                  ^~~~~
/home/kataiwa/fhemamba/structural-four-20260925/cheddar-build/_deps/thrust-src/thrust/type_traits/is_trivially_relocatable.h:330:70: warning: ‘ulong4’ is deprecated: use ulong4_16a or ulong4_32a [-Wdeprecated-declarations]
  330 | THRUST_PROCLAIM_TRIVIALLY_RELOCATABLE(ulong4)
      |                                                                      ^     
/usr/local/cuda-13.0/targets/sbsa-linux/include/vector_types.h:533:101: note: declared here
  533 | typedef __device_builtin__ struct ulong4 __VECTOR_TYPE_DEPRECATED__("use ulong4_16a or ulong4_32a") ulong4;
      |                                                                                                     ^~~~~~
/home/kataiwa/fhemamba/structural-four-20260925/cheddar-build/_deps/thrust-src/thrust/type_traits/is_trivially_relocatable.h:334:70: warning: ‘longlong4’ is deprecated: use longlong4_16a or longlong4_32a [-Wdeprecated-declarations]
  334 | THRUST_PROCLAIM_TRIVIALLY_RELOCATABLE(longlong4)
      |                                                                      ^        
/usr/local/cuda-13.0/targets/sbsa-linux/include/vector_types.h:550:110: note: declared here
  550 | typedef __device_builtin__ struct longlong4 __VECTOR_TYPE_DEPRECATED__("use longlong4_16a or longlong4_32a") longlong4;
      |                                                                                                              ^~~~~~~~~
/home/kataiwa/fhemamba/structural-four-20260925/cheddar-build/_deps/thrust-src/thrust/type_traits/is_trivially_relocatable.h:338:70: warning: ‘ulonglong4’ is deprecated: use ulonglong4_16a or ulonglong4_32a [-Wdeprecated-declarations]
  338 | THRUST_PROCLAIM_TRIVIALLY_RELOCATABLE(ulonglong4)
      |                                                                      ^         
/usr/local/cuda-13.0/targets/sbsa-linux/include/vector_types.h:551:113: note: declared here
  551 | typedef __device_builtin__ struct ulonglong4 __VECTOR_TYPE_DEPRECATED__("use ulonglong4_16a or ulonglong4_32a") ulonglong4;
      |                                                                                                                 ^~~~~~~~~~
/home/kataiwa/fhemamba/structural-four-20260925/cheddar-build/_deps/thrust-src/thrust/type_traits/is_trivially_relocatable.h:353:70: warning: ‘double4’ is deprecated: use double4_16a or double4_32a [-Wdeprecated-declarations]
  353 | THRUST_PROCLAIM_TRIVIALLY_RELOCATABLE(double4)
      |                                                                      ^      
/usr/local/cuda-13.0/targets/sbsa-linux/include/vector_types.h:561:104: note: declared here
  561 | typedef __device_builtin__ struct double4 __VECTOR_TYPE_DEPRECATED__("use double4_16a or double4_32a") double4;
      |                                                                                                        ^~~~~~~
/home/kataiwa/fhemamba/structural-four-20260925/cheddar-build/_deps/thrust-src/cub/block/../block/../util_type.cuh:380:31: warning: ‘long4’ is deprecated: use long4_16a or long4_32a [-Wdeprecated-declarations]
  380 | __CUB_ALIGN_BYTES(long4, 16)
      |                               ^    
In file included from /usr/local/cuda-13.0/targets/sbsa-linux/include/driver_types.h:61,
                 from /usr/local/cuda-13.0/targets/sbsa-linux/include/builtin_types.h:59,
                 from /usr/local/cuda-13.0/targets/sbsa-linux/include/crt/host_runtime.h:58,
                 from /usr/lib/gcc/aarch64-linux-gnu/13/include/stddef.h:218:
/usr/local/cuda-13.0/targets/sbsa-linux/include/vector_types.h:532:98: note: declared here
  532 | typedef __device_builtin__ struct long4 __VECTOR_TYPE_DEPRECATED__("use long4_16a or long4_32a") long4;
      |                                                                                                  ^~~~~
/home/kataiwa/fhemamba/structural-four-20260925/cheddar-build/_deps/thrust-src/cub/block/../block/../util_type.cuh:380:1: warning: ‘long4’ is deprecated: use long4_16a or long4_32a [-Wdeprecated-declarations]
  380 | __CUB_ALIGN_BYTES(long4, 16)
      | ^~~~
/usr/local/cuda-13.0/targets/sbsa-linux/include/vector_types.h:532:98: note: declared here
  532 | typedef __device_builtin__ struct long4 __VECTOR_TYPE_DEPRECATED__("use long4_16a or long4_32a") long4;
      |                                                                                                  ^~~~~
/home/kataiwa/fhemamba/structural-four-20260925/cheddar-build/_deps/thrust-src/cub/block/../block/../util_type.cuh:381:31: warning: ‘ulong4’ is deprecated: use ulong4_16a or ulong4_32a [-Wdeprecated-declarations]
  381 | __CUB_ALIGN_BYTES(ulong4, 16)
      |                               ^     
/usr/local/cuda-13.0/targets/sbsa-linux/include/vector_types.h:533:101: note: declared here
  533 | typedef __device_builtin__ struct ulong4 __VECTOR_TYPE_DEPRECATED__("use ulong4_16a or ulong4_32a") ulong4;
      |                                                                                                     ^~~~~~
/home/kataiwa/fhemamba/structural-four-20260925/cheddar-build/_deps/thrust-src/cub/block/../block/../util_type.cuh:381:1: warning: ‘ulong4’ is deprecated: use ulong4_16a or ulong4_32a [-Wdeprecated-declarations]
  381 | __CUB_ALIGN_BYTES(ulong4, 16)
      | ^~~~
/usr/local/cuda-13.0/targets/sbsa-linux/include/vector_types.h:533:101: note: declared here
  533 | typedef __device_builtin__ struct ulong4 __VECTOR_TYPE_DEPRECATED__("use ulong4_16a or ulong4_32a") ulong4;
      |                                                                                                     ^~~~~~
/home/kataiwa/fhemamba/structural-four-20260925/cheddar-build/_deps/thrust-src/cub/block/../block/../util_type.cuh:385:31: warning: ‘longlong4’ is deprecated: use longlong4_16a or longlong4_32a [-Wdeprecated-declarations]
  385 | __CUB_ALIGN_BYTES(longlong4, 16)
      |                               ^~       
/usr/local/cuda-13.0/targets/sbsa-linux/include/vector_types.h:550:110: note: declared here
  550 | typedef __device_builtin__ struct longlong4 __VECTOR_TYPE_DEPRECATED__("use longlong4_16a or longlong4_32a") longlong4;
      |                                                                                                              ^~~~~~~~~
/home/kataiwa/fhemamba/structural-four-20260925/cheddar-build/_deps/thrust-src/cub/block/../block/../util_type.cuh:385:1: warning: ‘longlong4’ is deprecated: use longlong4_16a or longlong4_32a [-Wdeprecated-declarations]
  385 | __CUB_ALIGN_BYTES(longlong4, 16)
      | ^~~~
/usr/local/cuda-13.0/targets/sbsa-linux/include/vector_types.h:550:110: note: declared here
  550 | typedef __device_builtin__ struct longlong4 __VECTOR_TYPE_DEPRECATED__("use longlong4_16a or longlong4_32a") longlong4;
      |                                                                                                              ^~~~~~~~~
/home/kataiwa/fhemamba/structural-four-20260925/cheddar-build/_deps/thrust-src/cub/block/../block/../util_type.cuh:386:31: warning: ‘ulonglong4’ is deprecated: use ulonglong4_16a or ulonglong4_32a [-Wdeprecated-declarations]
  386 | __CUB_ALIGN_BYTES(ulonglong4, 16)
      |                               ^~~       
/usr/local/cuda-13.0/targets/sbsa-linux/include/vector_types.h:551:113: note: declared here
  551 | typedef __device_builtin__ struct ulonglong4 __VECTOR_TYPE_DEPRECATED__("use ulonglong4_16a or ulonglong4_32a") ulonglong4;
      |                                                                                                                 ^~~~~~~~~~
/home/kataiwa/fhemamba/structural-four-20260925/cheddar-build/_deps/thrust-src/cub/block/../block/../util_type.cuh:386:1: warning: ‘ulonglong4’ is deprecated: use ulonglong4_16a or ulonglong4_32a [-Wdeprecated-declarations]
  386 | __CUB_ALIGN_BYTES(ulonglong4, 16)
      | ^~~~
/usr/local/cuda-13.0/targets/sbsa-linux/include/vector_types.h:551:113: note: declared here
  551 | typedef __device_builtin__ struct ulonglong4 __VECTOR_TYPE_DEPRECATED__("use ulonglong4_16a or ulonglong4_32a") ulonglong4;
      |                                                                                                                 ^~~~~~~~~~
/home/kataiwa/fhemamba/structural-four-20260925/cheddar-build/_deps/thrust-src/cub/block/../block/../util_type.cuh:387:31: warning: ‘double4’ is deprecated: use double4_16a or double4_32a [-Wdeprecated-declarations]
  387 | __CUB_ALIGN_BYTES(double4, 16)
      |                               ^      
/usr/local/cuda-13.0/targets/sbsa-linux/include/vector_types.h:561:104: note: declared here
  561 | typedef __device_builtin__ struct double4 __VECTOR_TYPE_DEPRECATED__("use double4_16a or double4_32a") double4;
      |                                                                                                        ^~~~~~~
/home/kataiwa/fhemamba/structural-four-20260925/cheddar-build/_deps/thrust-src/cub/block/../block/../util_type.cuh:387:1: warning: ‘double4’ is deprecated: use double4_16a or double4_32a [-Wdeprecated-declarations]
  387 | __CUB_ALIGN_BYTES(double4, 16)
      | ^~~~
/usr/local/cuda-13.0/targets/sbsa-linux/include/vector_types.h:561:104: note: declared here
  561 | typedef __device_builtin__ struct double4 __VECTOR_TYPE_DEPRECATED__("use double4_16a or double4_32a") double4;
      |                                                                                                        ^~~~~~~
/home/kataiwa/fhemamba/structural-four-20260925/cheddar-build/_deps/thrust-src/cub/block/../block/../util_type.cuh:657:332: warning: ‘long4’ is deprecated: use long4_16a or long4_32a [-Wdeprecated-declarations]
  657 | CUB_DEFINE_VECTOR_TYPE(long,               long)
      |                                                                                                                                                                                                                                                                                                                                            ^   
/usr/local/cuda-13.0/targets/sbsa-linux/include/vector_types.h:320:42: note: declared here
  320 | __device_builtin__ __builtin_align__(16) long4
      |                                          ^~~~~
/home/kataiwa/fhemamba/structural-four-20260925/cheddar-build/_deps/thrust-src/cub/block/../block/../util_type.cuh:657:332: warning: ‘long4’ is deprecated: use long4_16a or long4_32a [-Wdeprecated-declarations]
  657 | CUB_DEFINE_VECTOR_TYPE(long,               long)
      |                                                                                                                                                                                                                                                                                                                                            ^   
/usr/local/cuda-13.0/targets/sbsa-linux/include/vector_types.h:320:42: note: declared here
  320 | __device_builtin__ __builtin_align__(16) long4
      |                                          ^~~~~
/home/kataiwa/fhemamba/structural-four-20260925/cheddar-build/_deps/thrust-src/cub/block/../block/../util_type.cuh:658:360: warning: ‘longlong4’ is deprecated: use longlong4_16a or longlong4_32a [-Wdeprecated-declarations]
  658 | CUB_DEFINE_VECTOR_TYPE(long long,          longlong)
      |                                                                                                                                                                                                                                                                                                                                                                        ^   
/usr/local/cuda-13.0/targets/sbsa-linux/include/vector_types.h:426:42: note: declared here
  426 | __device_builtin__ __builtin_align__(16) longlong4
      |                                          ^~~~~~~~~
/home/kataiwa/fhemamba/structural-four-20260925/cheddar-build/_deps/thrust-src/cub/block/../block/../util_type.cuh:658:360: warning: ‘longlong4’ is deprecated: use longlong4_16a or longlong4_32a [-Wdeprecated-declarations]
  658 | CUB_DEFINE_VECTOR_TYPE(long long,          longlong)
      |                                                                                                                                                                                                                                                                                                                                                                        ^   
/usr/local/cuda-13.0/targets/sbsa-linux/include/vector_types.h:426:42: note: declared here
  426 | __device_builtin__ __builtin_align__(16) longlong4
      |                                          ^~~~~~~~~
/home/kataiwa/fhemamba/structural-four-20260925/cheddar-build/_deps/thrust-src/cub/block/../block/../util_type.cuh:662:370: warning: ‘ulong4’ is deprecated: use ulong4_16a or ulong4_32a [-Wdeprecated-declarations]
  662 | CUB_DEFINE_VECTOR_TYPE(unsigned long,      ulong)
      |                                                                                                                                                                                                                                                                                                                                                                                  ^   
/usr/local/cuda-13.0/targets/sbsa-linux/include/vector_types.h:326:42: note: declared here
  326 | __device_builtin__ __builtin_align__(16) ulong4
      |                                          ^~~~~~
/home/kataiwa/fhemamba/structural-four-20260925/cheddar-build/_deps/thrust-src/cub/block/../block/../util_type.cuh:662:370: warning: ‘ulong4’ is deprecated: use ulong4_16a or ulong4_32a [-Wdeprecated-declarations]
  662 | CUB_DEFINE_VECTOR_TYPE(unsigned long,      ulong)
      |                                                                                                                                                                                                                                                                                                                                                                                  ^   
/usr/local/cuda-13.0/targets/sbsa-linux/include/vector_types.h:326:42: note: declared here
  326 | __device_builtin__ __builtin_align__(16) ulong4
      |                                          ^~~~~~
/home/kataiwa/fhemamba/structural-four-20260925/cheddar-build/_deps/thrust-src/cub/block/../block/../util_type.cuh:663:398: warning: ‘ulonglong4’ is deprecated: use ulonglong4_16a or ulonglong4_32a [-Wdeprecated-declarations]
  663 | CUB_DEFINE_VECTOR_TYPE(unsigned long long, ulonglong)
      |                                                                                                                                                                                                                                                                                                                                                                                                              ^   
/usr/local/cuda-13.0/targets/sbsa-linux/include/vector_types.h:442:42: note: declared here
  442 | __device_builtin__ __builtin_align__(16) ulonglong4
      |                                          ^~~~~~~~~~
/home/kataiwa/fhemamba/structural-four-20260925/cheddar-build/_deps/thrust-src/cub/block/../block/../util_type.cuh:663:398: warning: ‘ulonglong4’ is deprecated: use ulonglong4_16a or ulonglong4_32a [-Wdeprecated-declarations]
  663 | CUB_DEFINE_VECTOR_TYPE(unsigned long long, ulonglong)
      |                                                                                                                                                                                                                                                                                                                                                                                                              ^   
/usr/local/cuda-13.0/targets/sbsa-linux/include/vector_types.h:442:42: note: declared here
  442 | __device_builtin__ __builtin_align__(16) ulonglong4
      |                                          ^~~~~~~~~~
/home/kataiwa/fhemamba/structural-four-20260925/cheddar-build/_deps/thrust-src/cub/block/../block/../util_type.cuh:665:344: warning: ‘double4’ is deprecated: use double4_16a or double4_32a [-Wdeprecated-declarations]
  665 | CUB_DEFINE_VECTOR_TYPE(double,             double)
      |                                                                                                                                                                                                                                                                                                                                                        ^   
/usr/local/cuda-13.0/targets/sbsa-linux/include/vector_types.h:474:42: note: declared here
  474 | __device_builtin__ __builtin_align__(16) double4
      |                                          ^~~~~~~
/home/kataiwa/fhemamba/structural-four-20260925/cheddar-build/_deps/thrust-src/cub/block/../block/../util_type.cuh:665:344: warning: ‘double4’ is deprecated: use double4_16a or double4_32a [-Wdeprecated-declarations]
  665 | CUB_DEFINE_VECTOR_TYPE(double,             double)
      |                                                                                                                                                                                                                                                                                                                                                        ^   
/usr/local/cuda-13.0/targets/sbsa-linux/include/vector_types.h:474:42: note: declared here
  474 | __device_builtin__ __builtin_align__(16) double4
      |                                          ^~~~~~~
In file included from /home/kataiwa/fhemamba/structural-four-20260925/cheddar-build/_deps/thrust-src/thrust/system/detail/sequential/copy.inl:26,
                 from /home/kataiwa/fhemamba/structural-four-20260925/cheddar-build/_deps/thrust-src/thrust/system/detail/sequential/copy.h:61,
                 from /home/kataiwa/fhemamba/structural-four-20260925/cheddar-build/_deps/thrust-src/thrust/system/detail/adl/copy.h:25,
                 from /home/kataiwa/fhemamba/structural-four-20260925/cheddar-build/_deps/thrust-src/thrust/detail/copy.inl:23,
                 from /home/kataiwa/fhemamba/structural-four-20260925/cheddar-build/_deps/thrust-src/thrust/detail/copy.h:90,
                 from /home/kataiwa/fhemamba/structural-four-20260925/cheddar-build/_deps/thrust-src/thrust/detail/allocator/copy_construct_range.inl:23,
                 from /home/kataiwa/fhemamba/structural-four-20260925/cheddar-build/_deps/thrust-src/thrust/detail/allocator/copy_construct_range.h:45,
                 from /home/kataiwa/fhemamba/structural-four-20260925/cheddar-build/_deps/thrust-src/thrust/detail/contiguous_storage.inl:23,
                 from /home/kataiwa/fhemamba/structural-four-20260925/cheddar-build/_deps/thrust-src/thrust/detail/contiguous_storage.h:234,
                 from /home/kataiwa/fhemamba/structural-four-20260925/cheddar-build/_deps/thrust-src/thrust/detail/vector_base.h:30,
                 from /home/kataiwa/fhemamba/structural-four-20260925/cheddar-build/_deps/thrust-src/thrust/host_vector.h:27,
                 from /home/kataiwa/fhemamba/structural-four-20260925/cheddar/include/core/DeviceVector.h:3,
                 from /home/kataiwa/fhemamba/structural-four-20260925/cheddar/include/core/Container.h:3,
                 from /home/kataiwa/fhemamba/structural-four-20260925/cheddar/include/core/Context.h:6,
                 from /home/kataiwa/fhemamba/structural-four-20260925/cheddar/include/extension/LinearTransform.h:7,
                 from /home/kataiwa/fhemamba/structural-four-20260925/cheddar/src/extension/LinearTransform.cpp:1:
/home/kataiwa/fhemamba/structural-four-20260925/cheddar-build/_deps/thrust-src/thrust/type_traits/is_trivially_relocatable.h:326:39: warning: ‘long4’ is deprecated: use long4_16a or long4_32a [-Wdeprecated-declarations]
  326 | THRUST_PROCLAIM_TRIVIALLY_RELOCATABLE(long4)
      |                                       ^~~~~
/home/kataiwa/fhemamba/structural-four-20260925/cheddar-build/_deps/thrust-src/thrust/type_traits/is_trivially_relocatable.h:229:41: note: in definition of macro ‘THRUST_PROCLAIM_TRIVIALLY_RELOCATABLE’
  229 |   struct proclaim_trivially_relocatable<T> : THRUST_NS_QUALIFIER::true_type   \
      |                                         ^
In file included from /usr/local/cuda-13.0/targets/sbsa-linux/include/driver_types.h:61,
                 from /usr/local/cuda-13.0/targets/sbsa-linux/include/builtin_types.h:59,
                 from /usr/local/cuda-13.0/targets/sbsa-linux/include/cuda_runtime_api.h:150,
                 from /home/kataiwa/fhemamba/structural-four-20260925/cheddar-build/_deps/thrust-src/thrust/system/cuda/detail/guarded_cuda_runtime_api.h:38,
                 from /home/kataiwa/fhemamba/structural-four-20260925/cheddar-build/_deps/thrust-src/thrust/type_traits/is_trivially_relocatable.h:297:
/usr/local/cuda-13.0/targets/sbsa-linux/include/vector_types.h:532:98: note: declared here
  532 | typedef __device_builtin__ struct long4 __VECTOR_TYPE_DEPRECATED__("use long4_16a or long4_32a") long4;
      |                                                                                                  ^~~~~
/home/kataiwa/fhemamba/structural-four-20260925/cheddar-build/_deps/thrust-src/thrust/type_traits/is_trivially_relocatable.h:330:39: warning: ‘ulong4’ is deprecated: use ulong4_16a or ulong4_32a [-Wdeprecated-declarations]
  330 | THRUST_PROCLAIM_TRIVIALLY_RELOCATABLE(ulong4)
      |                                       ^~~~~~
/home/kataiwa/fhemamba/structural-four-20260925/cheddar-build/_deps/thrust-src/thrust/type_traits/is_trivially_relocatable.h:229:41: note: in definition of macro ‘THRUST_PROCLAIM_TRIVIALLY_RELOCATABLE’
  229 |   struct proclaim_trivially_relocatable<T> : THRUST_NS_QUALIFIER::true_type   \
      |                                         ^
/usr/local/cuda-13.0/targets/sbsa-linux/include/vector_types.h:533:101: note: declared here
  533 | typedef __device_builtin__ struct ulong4 __VECTOR_TYPE_DEPRECATED__("use ulong4_16a or ulong4_32a") ulong4;
      |                                                                                                     ^~~~~~
/home/kataiwa/fhemamba/structural-four-20260925/cheddar-build/_deps/thrust-src/thrust/type_traits/is_trivially_relocatable.h:334:39: warning: ‘longlong4’ is deprecated: use longlong4_16a or longlong4_32a [-Wdeprecated-declarations]
  334 | THRUST_PROCLAIM_TRIVIALLY_RELOCATABLE(longlong4)
      |                                       ^~~~~~~~~
/home/kataiwa/fhemamba/structural-four-20260925/cheddar-build/_deps/thrust-src/thrust/type_traits/is_trivially_relocatable.h:229:41: note: in definition of macro ‘THRUST_PROCLAIM_TRIVIALLY_RELOCATABLE’
  229 |   struct proclaim_trivially_relocatable<T> : THRUST_NS_QUALIFIER::true_type   \
      |                                         ^
/usr/local/cuda-13.0/targets/sbsa-linux/include/vector_types.h:550:110: note: declared here
  550 | typedef __device_builtin__ struct longlong4 __VECTOR_TYPE_DEPRECATED__("use longlong4_16a or longlong4_32a") longlong4;
      |                                                                                                              ^~~~~~~~~
/home/kataiwa/fhemamba/structural-four-20260925/cheddar-build/_deps/thrust-src/thrust/type_traits/is_trivially_relocatable.h:338:39: warning: ‘ulonglong4’ is deprecated: use ulonglong4_16a or ulonglong4_32a [-Wdeprecated-declarations]
  338 | THRUST_PROCLAIM_TRIVIALLY_RELOCATABLE(ulonglong4)
      |                                       ^~~~~~~~~~
/home/kataiwa/fhemamba/structural-four-20260925/cheddar-build/_deps/thrust-src/thrust/type_traits/is_trivially_relocatable.h:229:41: note: in definition of macro ‘THRUST_PROCLAIM_TRIVIALLY_RELOCATABLE’
  229 |   struct proclaim_trivially_relocatable<T> : THRUST_NS_QUALIFIER::true_type   \
      |                                         ^
/usr/local/cuda-13.0/targets/sbsa-linux/include/vector_types.h:551:113: note: declared here
  551 | typedef __device_builtin__ struct ulonglong4 __VECTOR_TYPE_DEPRECATED__("use ulonglong4_16a or ulonglong4_32a") ulonglong4;
      |                                                                                                                 ^~~~~~~~~~
/home/kataiwa/fhemamba/structural-four-20260925/cheddar-build/_deps/thrust-src/thrust/type_traits/is_trivially_relocatable.h:353:39: warning: ‘double4’ is deprecated: use double4_16a or double4_32a [-Wdeprecated-declarations]
  353 | THRUST_PROCLAIM_TRIVIALLY_RELOCATABLE(double4)
      |                                       ^~~~~~~
/home/kataiwa/fhemamba/structural-four-20260925/cheddar-build/_deps/thrust-src/thrust/type_traits/is_trivially_relocatable.h:229:41: note: in definition of macro ‘THRUST_PROCLAIM_TRIVIALLY_RELOCATABLE’
  229 |   struct proclaim_trivially_relocatable<T> : THRUST_NS_QUALIFIER::true_type   \
      |                                         ^
/usr/local/cuda-13.0/targets/sbsa-linux/include/vector_types.h:561:104: note: declared here
  561 | typedef __device_builtin__ struct double4 __VECTOR_TYPE_DEPRECATED__("use double4_16a or double4_32a") double4;
      |                                                                                                        ^~~~~~~
/home/kataiwa/fhemamba/structural-four-20260925/cheddar-build/_deps/thrust-src/thrust/type_traits/is_trivially_relocatable.h:326:70: warning: ‘long4’ is deprecated: use long4_16a or long4_32a [-Wdeprecated-declarations]
  326 | THRUST_PROCLAIM_TRIVIALLY_RELOCATABLE(long4)
      |                                                                      ^    
/usr/local/cuda-13.0/targets/sbsa-linux/include/vector_types.h:532:98: note: declared here
  532 | typedef __device_builtin__ struct long4 __VECTOR_TYPE_DEPRECATED__("use long4_16a or long4_32a") long4;
      |                                                                                                  ^~~~~
/home/kataiwa/fhemamba/structural-four-20260925/cheddar-build/_deps/thrust-src/thrust/type_traits/is_trivially_relocatable.h:330:70: warning: ‘ulong4’ is deprecated: use ulong4_16a or ulong4_32a [-Wdeprecated-declarations]
  330 | THRUST_PROCLAIM_TRIVIALLY_RELOCATABLE(ulong4)
      |                                                                      ^     
/usr/local/cuda-13.0/targets/sbsa-linux/include/vector_types.h:533:101: note: declared here
  533 | typedef __device_builtin__ struct ulong4 __VECTOR_TYPE_DEPRECATED__("use ulong4_16a or ulong4_32a") ulong4;
      |                                                                                                     ^~~~~~
/home/kataiwa/fhemamba/structural-four-20260925/cheddar-build/_deps/thrust-src/thrust/type_traits/is_trivially_relocatable.h:334:70: warning: ‘longlong4’ is deprecated: use longlong4_16a or longlong4_32a [-Wdeprecated-declarations]
  334 | THRUST_PROCLAIM_TRIVIALLY_RELOCATABLE(longlong4)
      |                                                                      ^        
/usr/local/cuda-13.0/targets/sbsa-linux/include/vector_types.h:550:110: note: declared here
  550 | typedef __device_builtin__ struct longlong4 __VECTOR_TYPE_DEPRECATED__("use longlong4_16a or longlong4_32a") longlong4;
      |                                                                                                              ^~~~~~~~~
/home/kataiwa/fhemamba/structural-four-20260925/cheddar-build/_deps/thrust-src/thrust/type_traits/is_trivially_relocatable.h:338:70: warning: ‘ulonglong4’ is deprecated: use ulonglong4_16a or ulonglong4_32a [-Wdeprecated-declarations]
  338 | THRUST_PROCLAIM_TRIVIALLY_RELOCATABLE(ulonglong4)
      |                                                                      ^         
/usr/local/cuda-13.0/targets/sbsa-linux/include/vector_types.h:551:113: note: declared here
  551 | typedef __device_builtin__ struct ulonglong4 __VECTOR_TYPE_DEPRECATED__("use ulonglong4_16a or ulonglong4_32a") ulonglong4;
      |                                                                                                                 ^~~~~~~~~~
/home/kataiwa/fhemamba/structural-four-20260925/cheddar-build/_deps/thrust-src/thrust/type_traits/is_trivially_relocatable.h:353:70: warning: ‘double4’ is deprecated: use double4_16a or double4_32a [-Wdeprecated-declarations]
  353 | THRUST_PROCLAIM_TRIVIALLY_RELOCATABLE(double4)
      |                                                                      ^      
/usr/local/cuda-13.0/targets/sbsa-linux/include/vector_types.h:561:104: note: declared here
  561 | typedef __device_builtin__ struct double4 __VECTOR_TYPE_DEPRECATED__("use double4_16a or double4_32a") double4;
      |                                                                                                        ^~~~~~~
[ 88%] Building CXX object CMakeFiles/cheddar.dir/src/extension/StripedMatrix.cpp.o
/home/kataiwa/fhemamba/structural-four-20260925/cheddar-build/_deps/thrust-src/cub/block/../block/../util_type.cuh:380:31: warning: ‘long4’ is deprecated: use long4_16a or long4_32a [-Wdeprecated-declarations]
  380 | __CUB_ALIGN_BYTES(long4, 16)
      |                               ^    
In file included from /usr/local/cuda-13.0/targets/sbsa-linux/include/driver_types.h:61,
                 from /usr/local/cuda-13.0/targets/sbsa-linux/include/builtin_types.h:59,
                 from /usr/local/cuda-13.0/targets/sbsa-linux/include/crt/host_runtime.h:58,
                 from /usr/lib/gcc/aarch64-linux-gnu/13/include/stddef.h:218:
/usr/local/cuda-13.0/targets/sbsa-linux/include/vector_types.h:532:98: note: declared here
  532 | typedef __device_builtin__ struct long4 __VECTOR_TYPE_DEPRECATED__("use long4_16a or long4_32a") long4;
      |                                                                                                  ^~~~~
/home/kataiwa/fhemamba/structural-four-20260925/cheddar-build/_deps/thrust-src/cub/block/../block/../util_type.cuh:380:1: warning: ‘long4’ is deprecated: use long4_16a or long4_32a [-Wdeprecated-declarations]
  380 | __CUB_ALIGN_BYTES(long4, 16)
      | ^~~~
/usr/local/cuda-13.0/targets/sbsa-linux/include/vector_types.h:532:98: note: declared here
  532 | typedef __device_builtin__ struct long4 __VECTOR_TYPE_DEPRECATED__("use long4_16a or long4_32a") long4;
      |                                                                                                  ^~~~~
/home/kataiwa/fhemamba/structural-four-20260925/cheddar-build/_deps/thrust-src/cub/block/../block/../util_type.cuh:381:31: warning: ‘ulong4’ is deprecated: use ulong4_16a or ulong4_32a [-Wdeprecated-declarations]
  381 | __CUB_ALIGN_BYTES(ulong4, 16)
      |                               ^     
/usr/local/cuda-13.0/targets/sbsa-linux/include/vector_types.h:533:101: note: declared here
  533 | typedef __device_builtin__ struct ulong4 __VECTOR_TYPE_DEPRECATED__("use ulong4_16a or ulong4_32a") ulong4;
      |                                                                                                     ^~~~~~
/home/kataiwa/fhemamba/structural-four-20260925/cheddar-build/_deps/thrust-src/cub/block/../block/../util_type.cuh:381:1: warning: ‘ulong4’ is deprecated: use ulong4_16a or ulong4_32a [-Wdeprecated-declarations]
  381 | __CUB_ALIGN_BYTES(ulong4, 16)
      | ^~~~
/usr/local/cuda-13.0/targets/sbsa-linux/include/vector_types.h:533:101: note: declared here
  533 | typedef __device_builtin__ struct ulong4 __VECTOR_TYPE_DEPRECATED__("use ulong4_16a or ulong4_32a") ulong4;
      |                                                                                                     ^~~~~~
/home/kataiwa/fhemamba/structural-four-20260925/cheddar-build/_deps/thrust-src/cub/block/../block/../util_type.cuh:385:31: warning: ‘longlong4’ is deprecated: use longlong4_16a or longlong4_32a [-Wdeprecated-declarations]
  385 | __CUB_ALIGN_BYTES(longlong4, 16)
      |                               ^~       
/usr/local/cuda-13.0/targets/sbsa-linux/include/vector_types.h:550:110: note: declared here
  550 | typedef __device_builtin__ struct longlong4 __VECTOR_TYPE_DEPRECATED__("use longlong4_16a or longlong4_32a") longlong4;
      |                                                                                                              ^~~~~~~~~
/home/kataiwa/fhemamba/structural-four-20260925/cheddar-build/_deps/thrust-src/cub/block/../block/../util_type.cuh:385:1: warning: ‘longlong4’ is deprecated: use longlong4_16a or longlong4_32a [-Wdeprecated-declarations]
  385 | __CUB_ALIGN_BYTES(longlong4, 16)
      | ^~~~
/usr/local/cuda-13.0/targets/sbsa-linux/include/vector_types.h:550:110: note: declared here
  550 | typedef __device_builtin__ struct longlong4 __VECTOR_TYPE_DEPRECATED__("use longlong4_16a or longlong4_32a") longlong4;
      |                                                                                                              ^~~~~~~~~
/home/kataiwa/fhemamba/structural-four-20260925/cheddar-build/_deps/thrust-src/cub/block/../block/../util_type.cuh:386:31: warning: ‘ulonglong4’ is deprecated: use ulonglong4_16a or ulonglong4_32a [-Wdeprecated-declarations]
  386 | __CUB_ALIGN_BYTES(ulonglong4, 16)
      |                               ^~~       
/usr/local/cuda-13.0/targets/sbsa-linux/include/vector_types.h:551:113: note: declared here
  551 | typedef __device_builtin__ struct ulonglong4 __VECTOR_TYPE_DEPRECATED__("use ulonglong4_16a or ulonglong4_32a") ulonglong4;
      |                                                                                                                 ^~~~~~~~~~
/home/kataiwa/fhemamba/structural-four-20260925/cheddar-build/_deps/thrust-src/cub/block/../block/../util_type.cuh:386:1: warning: ‘ulonglong4’ is deprecated: use ulonglong4_16a or ulonglong4_32a [-Wdeprecated-declarations]
  386 | __CUB_ALIGN_BYTES(ulonglong4, 16)
      | ^~~~
/usr/local/cuda-13.0/targets/sbsa-linux/include/vector_types.h:551:113: note: declared here
  551 | typedef __device_builtin__ struct ulonglong4 __VECTOR_TYPE_DEPRECATED__("use ulonglong4_16a or ulonglong4_32a") ulonglong4;
      |                                                                                                                 ^~~~~~~~~~
/home/kataiwa/fhemamba/structural-four-20260925/cheddar-build/_deps/thrust-src/cub/block/../block/../util_type.cuh:387:31: warning: ‘double4’ is deprecated: use double4_16a or double4_32a [-Wdeprecated-declarations]
  387 | __CUB_ALIGN_BYTES(double4, 16)
      |                               ^      
/usr/local/cuda-13.0/targets/sbsa-linux/include/vector_types.h:561:104: note: declared here
  561 | typedef __device_builtin__ struct double4 __VECTOR_TYPE_DEPRECATED__("use double4_16a or double4_32a") double4;
      |                                                                                                        ^~~~~~~
/home/kataiwa/fhemamba/structural-four-20260925/cheddar-build/_deps/thrust-src/cub/block/../block/../util_type.cuh:387:1: warning: ‘double4’ is deprecated: use double4_16a or double4_32a [-Wdeprecated-declarations]
  387 | __CUB_ALIGN_BYTES(double4, 16)
      | ^~~~
/usr/local/cuda-13.0/targets/sbsa-linux/include/vector_types.h:561:104: note: declared here
  561 | typedef __device_builtin__ struct double4 __VECTOR_TYPE_DEPRECATED__("use double4_16a or double4_32a") double4;
      |                                                                                                        ^~~~~~~
/home/kataiwa/fhemamba/structural-four-20260925/cheddar-build/_deps/thrust-src/cub/block/../block/../util_type.cuh:657:332: warning: ‘long4’ is deprecated: use long4_16a or long4_32a [-Wdeprecated-declarations]
  657 | CUB_DEFINE_VECTOR_TYPE(long,               long)
      |                                                                                                                                                                                                                                                                                                                                            ^   
/usr/local/cuda-13.0/targets/sbsa-linux/include/vector_types.h:320:42: note: declared here
  320 | __device_builtin__ __builtin_align__(16) long4
      |                                          ^~~~~
/home/kataiwa/fhemamba/structural-four-20260925/cheddar-build/_deps/thrust-src/cub/block/../block/../util_type.cuh:657:332: warning: ‘long4’ is deprecated: use long4_16a or long4_32a [-Wdeprecated-declarations]
  657 | CUB_DEFINE_VECTOR_TYPE(long,               long)
      |                                                                                                                                                                                                                                                                                                                                            ^   
/usr/local/cuda-13.0/targets/sbsa-linux/include/vector_types.h:320:42: note: declared here
  320 | __device_builtin__ __builtin_align__(16) long4
      |                                          ^~~~~
/home/kataiwa/fhemamba/structural-four-20260925/cheddar-build/_deps/thrust-src/cub/block/../block/../util_type.cuh:658:360: warning: ‘longlong4’ is deprecated: use longlong4_16a or longlong4_32a [-Wdeprecated-declarations]
  658 | CUB_DEFINE_VECTOR_TYPE(long long,          longlong)
      |                                                                                                                                                                                                                                                                                                                                                                        ^   
/usr/local/cuda-13.0/targets/sbsa-linux/include/vector_types.h:426:42: note: declared here
  426 | __device_builtin__ __builtin_align__(16) longlong4
      |                                          ^~~~~~~~~
/home/kataiwa/fhemamba/structural-four-20260925/cheddar-build/_deps/thrust-src/cub/block/../block/../util_type.cuh:658:360: warning: ‘longlong4’ is deprecated: use longlong4_16a or longlong4_32a [-Wdeprecated-declarations]
  658 | CUB_DEFINE_VECTOR_TYPE(long long,          longlong)
      |                                                                                                                                                                                                                                                                                                                                                                        ^   
/usr/local/cuda-13.0/targets/sbsa-linux/include/vector_types.h:426:42: note: declared here
  426 | __device_builtin__ __builtin_align__(16) longlong4
      |                                          ^~~~~~~~~
/home/kataiwa/fhemamba/structural-four-20260925/cheddar-build/_deps/thrust-src/cub/block/../block/../util_type.cuh:662:370: warning: ‘ulong4’ is deprecated: use ulong4_16a or ulong4_32a [-Wdeprecated-declarations]
  662 | CUB_DEFINE_VECTOR_TYPE(unsigned long,      ulong)
      |                                                                                                                                                                                                                                                                                                                                                                                  ^   
/usr/local/cuda-13.0/targets/sbsa-linux/include/vector_types.h:326:42: note: declared here
  326 | __device_builtin__ __builtin_align__(16) ulong4
      |                                          ^~~~~~
/home/kataiwa/fhemamba/structural-four-20260925/cheddar-build/_deps/thrust-src/cub/block/../block/../util_type.cuh:662:370: warning: ‘ulong4’ is deprecated: use ulong4_16a or ulong4_32a [-Wdeprecated-declarations]
  662 | CUB_DEFINE_VECTOR_TYPE(unsigned long,      ulong)
      |                                                                                                                                                                                                                                                                                                                                                                                  ^   
/usr/local/cuda-13.0/targets/sbsa-linux/include/vector_types.h:326:42: note: declared here
  326 | __device_builtin__ __builtin_align__(16) ulong4
      |                                          ^~~~~~
/home/kataiwa/fhemamba/structural-four-20260925/cheddar-build/_deps/thrust-src/cub/block/../block/../util_type.cuh:663:398: warning: ‘ulonglong4’ is deprecated: use ulonglong4_16a or ulonglong4_32a [-Wdeprecated-declarations]
  663 | CUB_DEFINE_VECTOR_TYPE(unsigned long long, ulonglong)
      |                                                                                                                                                                                                                                                                                                                                                                                                              ^   
/usr/local/cuda-13.0/targets/sbsa-linux/include/vector_types.h:442:42: note: declared here
  442 | __device_builtin__ __builtin_align__(16) ulonglong4
      |                                          ^~~~~~~~~~
/home/kataiwa/fhemamba/structural-four-20260925/cheddar-build/_deps/thrust-src/cub/block/../block/../util_type.cuh:663:398: warning: ‘ulonglong4’ is deprecated: use ulonglong4_16a or ulonglong4_32a [-Wdeprecated-declarations]
  663 | CUB_DEFINE_VECTOR_TYPE(unsigned long long, ulonglong)
      |                                                                                                                                                                                                                                                                                                                                                                                                              ^   
/usr/local/cuda-13.0/targets/sbsa-linux/include/vector_types.h:442:42: note: declared here
  442 | __device_builtin__ __builtin_align__(16) ulonglong4
      |                                          ^~~~~~~~~~
/home/kataiwa/fhemamba/structural-four-20260925/cheddar-build/_deps/thrust-src/cub/block/../block/../util_type.cuh:665:344: warning: ‘double4’ is deprecated: use double4_16a or double4_32a [-Wdeprecated-declarations]
  665 | CUB_DEFINE_VECTOR_TYPE(double,             double)
      |                                                                                                                                                                                                                                                                                                                                                        ^   
/usr/local/cuda-13.0/targets/sbsa-linux/include/vector_types.h:474:42: note: declared here
  474 | __device_builtin__ __builtin_align__(16) double4
      |                                          ^~~~~~~
/home/kataiwa/fhemamba/structural-four-20260925/cheddar-build/_deps/thrust-src/cub/block/../block/../util_type.cuh:665:344: warning: ‘double4’ is deprecated: use double4_16a or double4_32a [-Wdeprecated-declarations]
  665 | CUB_DEFINE_VECTOR_TYPE(double,             double)
      |                                                                                                                                                                                                                                                                                                                                                        ^   
/usr/local/cuda-13.0/targets/sbsa-linux/include/vector_types.h:474:42: note: declared here
  474 | __device_builtin__ __builtin_align__(16) double4
      |                                          ^~~~~~~
/home/kataiwa/fhemamba/structural-four-20260925/cheddar-build/_deps/thrust-src/thrust/type_traits/is_trivially_relocatable.h:326:70: warning: ‘long4’ is deprecated: use long4_16a or long4_32a [-Wdeprecated-declarations]
  326 | THRUST_PROCLAIM_TRIVIALLY_RELOCATABLE(long4)
      |                                                                      ^    
/usr/local/cuda-13.0/targets/sbsa-linux/include/vector_types.h:532:98: note: declared here
  532 | typedef __device_builtin__ struct long4 __VECTOR_TYPE_DEPRECATED__("use long4_16a or long4_32a") long4;
      |                                                                                                  ^~~~~
/home/kataiwa/fhemamba/structural-four-20260925/cheddar-build/_deps/thrust-src/thrust/type_traits/is_trivially_relocatable.h:330:70: warning: ‘ulong4’ is deprecated: use ulong4_16a or ulong4_32a [-Wdeprecated-declarations]
  330 | THRUST_PROCLAIM_TRIVIALLY_RELOCATABLE(ulong4)
      |                                                                      ^     
/usr/local/cuda-13.0/targets/sbsa-linux/include/vector_types.h:533:101: note: declared here
  533 | typedef __device_builtin__ struct ulong4 __VECTOR_TYPE_DEPRECATED__("use ulong4_16a or ulong4_32a") ulong4;
      |                                                                                                     ^~~~~~
/home/kataiwa/fhemamba/structural-four-20260925/cheddar-build/_deps/thrust-src/thrust/type_traits/is_trivially_relocatable.h:334:70: warning: ‘longlong4’ is deprecated: use longlong4_16a or longlong4_32a [-Wdeprecated-declarations]
  334 | THRUST_PROCLAIM_TRIVIALLY_RELOCATABLE(longlong4)
      |                                                                      ^        
/usr/local/cuda-13.0/targets/sbsa-linux/include/vector_types.h:550:110: note: declared here
  550 | typedef __device_builtin__ struct longlong4 __VECTOR_TYPE_DEPRECATED__("use longlong4_16a or longlong4_32a") longlong4;
      |                                                                                                              ^~~~~~~~~
/home/kataiwa/fhemamba/structural-four-20260925/cheddar-build/_deps/thrust-src/thrust/type_traits/is_trivially_relocatable.h:338:70: warning: ‘ulonglong4’ is deprecated: use ulonglong4_16a or ulonglong4_32a [-Wdeprecated-declarations]
  338 | THRUST_PROCLAIM_TRIVIALLY_RELOCATABLE(ulonglong4)
      |                                                                      ^         
/usr/local/cuda-13.0/targets/sbsa-linux/include/vector_types.h:551:113: note: declared here
  551 | typedef __device_builtin__ struct ulonglong4 __VECTOR_TYPE_DEPRECATED__("use ulonglong4_16a or ulonglong4_32a") ulonglong4;
      |                                                                                                                 ^~~~~~~~~~
/home/kataiwa/fhemamba/structural-four-20260925/cheddar-build/_deps/thrust-src/thrust/type_traits/is_trivially_relocatable.h:353:70: warning: ‘double4’ is deprecated: use double4_16a or double4_32a [-Wdeprecated-declarations]
  353 | THRUST_PROCLAIM_TRIVIALLY_RELOCATABLE(double4)
      |                                                                      ^      
/usr/local/cuda-13.0/targets/sbsa-linux/include/vector_types.h:561:104: note: declared here
  561 | typedef __device_builtin__ struct double4 __VECTOR_TYPE_DEPRECATED__("use double4_16a or double4_32a") double4;
      |                                                                                                        ^~~~~~~
[ 92%] Linking CXX shared library libcheddar.so
/usr/bin/ld: cannot find -lgmp: No such file or directory
collect2: error: ld returned 1 exit status
gmake[3]: *** [CMakeFiles/cheddar.dir/build.make:457: libcheddar.so] Error 1
gmake[2]: *** [CMakeFiles/Makefile2:180: CMakeFiles/cheddar.dir/all] Error 2
gmake[1]: *** [CMakeFiles/Makefile2:161: CMakeFiles/composite_probe.dir/rule] Error 2
gmake: *** [Makefile:189: composite_probe] Error 2
